PRAGMA foreign_keys=OFF;
BEGIN TRANSACTION;
CREATE TABLE IF NOT EXISTS "__drizzle_migrations" (
			id SERIAL PRIMARY KEY,
			hash text NOT NULL,
			created_at numeric
		);
INSERT INTO __drizzle_migrations VALUES(NULL,'f5f376c24ac984ccf3e1241a8da7a2b8f876ddd0d5944613220b094958011986',1764151900815);
CREATE TABLE IF NOT EXISTS `account` (
	`id` text PRIMARY KEY NOT NULL,
	`account_id` text NOT NULL,
	`provider_id` text NOT NULL,
	`user_id` text NOT NULL,
	`access_token` text,
	`refresh_token` text,
	`id_token` text,
	`access_token_expires_at` integer,
	`refresh_token_expires_at` integer,
	`scope` text,
	`password` text,
	`created_at` integer DEFAULT (cast(unixepoch('subsecond') * 1000 as integer)) NOT NULL,
	`updated_at` integer NOT NULL,
	FOREIGN KEY (`user_id`) REFERENCES `user`(`id`) ON UPDATE no action ON DELETE cascade
);
INSERT INTO account VALUES('NKtB0UmgAVUhWngqL6Rk78DgHYaaBSdl','ctoeeJ9eatAupdFS1vG5FHgHai8hNiQW','credential','ctoeeJ9eatAupdFS1vG5FHgHai8hNiQW',NULL,NULL,NULL,NULL,NULL,NULL,'777df427274bff347e30ea4c835832f4:e0e4bd54abda508914db8797882ddfd8dbf55a312e4d74b3474926ac064c5064c4ae6cf99efa2c1504a3298c41e4131cc990c1462d62daf52d36ea3cfed44af9',1764170917411,1764170917411);
INSERT INTO account VALUES('jsjilalK3lXS7TdjOFPtGiVgNL729yut','XhMKcOe2MHh96Y88D8oUnlmrTxq3kOtY','credential','XhMKcOe2MHh96Y88D8oUnlmrTxq3kOtY',NULL,NULL,NULL,NULL,NULL,NULL,'1e29f61ead81ee754d5f94cbfd36de4c:138a7575d7177a3977152e0992bd14e196bcc215ec44c20af11941c422dbc18c4491af74cbb69f81dc98041ee70dcffe8bf4678508046ede2bd21a9a7b5410ba',1764596962620,1764596962620);
INSERT INTO account VALUES('wCfBwKKNUFoJHKxhKeyf1xk4fadhUcd8','I7rXW9yj6eiTQ85cRT2NUJf7d6Me8rA1','credential','I7rXW9yj6eiTQ85cRT2NUJf7d6Me8rA1',NULL,NULL,NULL,NULL,NULL,NULL,'b2814e68f901718da12c3126a744138f:394459e9c3bce1ed5f8109c65844aba82efc632228e4b111a9a546d60a55ffc4214aa54fc42a5e7b691a1e62775718d573ef2d9d5e9c9217de06b07fe53c2333',1764596985015,1764596985015);
CREATE TABLE IF NOT EXISTS `entries` (
	`id` integer PRIMARY KEY AUTOINCREMENT NOT NULL,
	`version` text NOT NULL,
	`namespace` text NOT NULL,
	`key` text NOT NULL,
	`created_at` integer DEFAULT (cast(unixepoch('subsecond') * 1000 as integer)) NOT NULL,
	`updated_at` integer NOT NULL
);
INSERT INTO entries VALUES(1,'v01','docs','getting-started',1764170937186,1764170936896);
INSERT INTO entries VALUES(3,'v01','global','home',1764253062184,1764253062076);
INSERT INTO entries VALUES(4,'v01','global','community',1764262150212,1764262150061);
INSERT INTO entries VALUES(5,'v01','docs','configuration',1764312576241,1764312575715);
INSERT INTO entries VALUES(6,'v01','docs','Versioning',1764312644710,1764312644390);
INSERT INTO entries VALUES(7,'v01','docs','themes-overview',1764312684394,1764312684050);
INSERT INTO entries VALUES(8,'v01','docs','themes-build-your-own',1764312770448,1764312770062);
INSERT INTO entries VALUES(9,'v01','docs','vienna',1764312855138,1764312854660);
INSERT INTO entries VALUES(10,'v01','docs','text-field',1764312977585,1764312977256);
INSERT INTO entries VALUES(11,'v01','docs','sqlite',1764313107282,1764313106961);
INSERT INTO entries VALUES(12,'v01','docs','turso-cloud',1764313146926,1764313146548);
INSERT INTO entries VALUES(13,'v01','docs','postgres',1764313212653,1764313212320);
INSERT INTO entries VALUES(14,'v01','docs','file-storage',1764313271353,1764313271044);
INSERT INTO entries VALUES(15,'v01','docs','vercel-blob',1764313334740,1764313334417);
INSERT INTO entries VALUES(16,'v01','docs','uploadthing',1764313372948,1764313372611);
INSERT INTO entries VALUES(17,'v01','docs','better-auth',1764313411486,1764313411186);
INSERT INTO entries VALUES(18,'v01','docs','admin-section',1764575797238,1764575796769);
INSERT INTO entries VALUES(19,'v01','docs','admin-entries',1764575842764,1764575842279);
INSERT INTO entries VALUES(20,'v01','docs','admin-users',1764575895506,1764575895057);
INSERT INTO entries VALUES(21,'v01','docs','text-area',1764656552060,1764656551614);
INSERT INTO entries VALUES(22,'v01','docs','checkbox',1764667532614,1764667532097);
INSERT INTO entries VALUES(23,'v01','docs','date-picker',1764667723335,1764667722919);
INSERT INTO entries VALUES(24,'v01','docs','editor',1764668031370,1764668030749);
INSERT INTO entries VALUES(25,'v01','docs','image',1764671012736,1764671012397);
INSERT INTO entries VALUES(26,'v01','docs','link-field',1764671234881,1764671234583);
INSERT INTO entries VALUES(27,'v01','docs','radio-group',1764671520367,1764671520069);
INSERT INTO entries VALUES(28,'v01','docs','select-field',1764671868304,1764671867855);
INSERT INTO entries VALUES(29,'v01','docs','switch',1764672025035,1764672024702);
INSERT INTO entries VALUES(30,'v01','docs','fields-build-your-own',1764672414946,1764672414608);
CREATE TABLE IF NOT EXISTS `sections` (
	`id` integer PRIMARY KEY AUTOINCREMENT NOT NULL,
	`name` text NOT NULL,
	`pos` integer NOT NULL,
	`pinned` integer DEFAULT false NOT NULL,
	`data` text,
	`entry_id` integer NOT NULL,
	`created_at` integer DEFAULT (cast(unixepoch('subsecond') * 1000 as integer)) NOT NULL,
	`updated_at` integer NOT NULL,
	FOREIGN KEY (`entry_id`) REFERENCES `entries`(`id`) ON UPDATE no action ON DELETE no action
);
INSERT INTO sections VALUES(1,'docs-meta',0,1,'"{\"title\":\"Getting Started\",\"group\":\"overview\",\"order\":\"100\"}"',1,1764170937549,1764170937272);
INSERT INTO sections VALUES(2,'text',1,0,'"{\"text\":{\"type\":\"doc\",\"content\":[{\"type\":\"heading\",\"attrs\":{\"level\":1},\"content\":[{\"type\":\"text\",\"text\":\"Getting Started\"}]},{\"type\":\"paragraph\",\"content\":[{\"type\":\"text\",\"text\":\"Headcode CMS is distributed through the shadcn registry, so you can install it directly into your Next.js project using the Shadcn CLI you’re probably familiar with.\"}]},{\"type\":\"paragraph\",\"content\":[{\"type\":\"text\",\"text\":\"Each part of Headcode CMS (themes, section UIs, fields, etc.) is published as its own registry component and can be added using this format:\"}]}]}}"',1,1764170965703,1764170965432);
INSERT INTO sections VALUES(5,'hero',0,0,'"{\"title\":\"A Minimalistic Web CMS\",\"features\":[{\"title\":\"Published as a shadcn registry\"},{\"title\":\"Optimzied for Next.js 16 Cache Components\"},{\"title\":\"Publish your own themes, UI sections, and field types\"},{\"title\":\"Generate layouts and themes with AI tools and agents\"}],\"snippets\":[{\"title\":\"pnpm\",\"code\":\"pnpm dlx shadcn@latest add https://headcodecms.com/r/starter.json\\n(select Next.js 16)\\n\\npnpm drizzle-kit push\\n\\nRemove:\\napp/layout.tsx\\napp/page.tsx\\n\\npnpm dev\\n\\nOpen:\\nWebsite: http://localhost:3000\\nAdmin: http://localhost:3000/headcode\"},{\"title\":\"npm\",\"code\":\"npx shadcn@latest add https://headcodecms.com/r/starter.json\\n(select Next.js 16)\\n\\nnpm drizzle-kit push\\n\\nRemove:\\napp/layout.tsx\\napp/page.tsx\\n\\nnpm run dev\\n\\nOpen:\\nWebsite: http://localhost:3000\\nAdmin: http://localhost:3000/headcode\"}],\"snippetsSublines\":[{\"line\":\"Default: SQLite (file), Better Auth, file storage\"},{\"line\":\"Best for local dev and tryout - no SAAS services required.\"}],\"databases\":[{\"name\":\"SQLite\",\"available\":true},{\"name\":\"Turso Cloud\",\"available\":true},{\"name\":\"Postgres (soon)\",\"available\":false},{\"name\":\"MySQL (soon)\",\"available\":false}],\"storages\":[{\"name\":\"File Storage\",\"available\":true},{\"name\":\"Vercel BLOB\",\"available\":true},{\"name\":\"Uploadthing\",\"available\":true},{\"name\":\"Better Upload (soon)\",\"available\":false}],\"auths\":[{\"name\":\"Better Auth\",\"available\":true},{\"name\":\"Clerk (soon)\",\"available\":false}],\"primaryButton\":{\"title\":\"Getting Started\",\"url\":\"/docs/getting-started\",\"openInNewWindow\":false}}"',3,1764255629494,1764607238261);
INSERT INTO sections VALUES(6,'text',6,0,'"{\"text\":{\"type\":\"doc\",\"content\":[{\"type\":\"heading\",\"attrs\":{\"level\":1},\"content\":[{\"type\":\"text\",\"text\":\"Philosophy\"}]},{\"type\":\"paragraph\",\"content\":[{\"type\":\"text\",\"text\":\"I built Headcode CMS because I needed something simpler.\"}]},{\"type\":\"paragraph\",\"content\":[{\"type\":\"text\",\"text\":\"Over the years, I’ve worked on many small and mid-sized website projects. Most of them didn’t need a complex headless CMS or a heavy admin interface. They just needed a few content pages, some structured data, and a simple way to manage and preview updates.\"}]},{\"type\":\"paragraph\",\"content\":[{\"type\":\"text\",\"text\":\"But what I wanted didn’t really exist. At least not in a way that fit naturally into my day-to-day as a frontend developer.\"}]},{\"type\":\"paragraph\",\"content\":[{\"type\":\"text\",\"text\":\"So, I decided to build it myself.\"}]},{\"type\":\"paragraph\",\"content\":[{\"type\":\"text\",\"text\":\"I didn’t want to reinvent the wheel. The web ecosystem already has fantastic tools like shadcn/ui, Next.js, Tailwind CSS, TanStack, Drizzle, TipTap, Zod, and many more. What I missed was a lightweight glue between them. Something easy to drop into a project, version-controlled like the rest of the code, and flexible enough to evolve with it.\"}]},{\"type\":\"paragraph\",\"content\":[{\"type\":\"text\",\"text\":\"So, the core ideas behind Headcode CMS are:\"}]},{\"type\":\"bulletList\",\"content\":[{\"type\":\"listItem\",\"content\":[{\"type\":\"paragraph\",\"content\":[{\"type\":\"text\",\"marks\":[{\"type\":\"bold\"}],\"text\":\"Use what already works\"},{\"type\":\"text\",\"text\":\": re-use open source tools and components instead of writing everything from scratch.\"}]}]},{\"type\":\"listItem\",\"content\":[{\"type\":\"paragraph\",\"content\":[{\"type\":\"text\",\"marks\":[{\"type\":\"bold\"}],\"text\":\"Install it, not host it\"},{\"type\":\"text\",\"text\":\": add it directly to your codebase so you can edit, extend, or remove any part of it.\"}]}]},{\"type\":\"listItem\",\"content\":[{\"type\":\"paragraph\",\"content\":[{\"type\":\"text\",\"marks\":[{\"type\":\"bold\"}],\"text\":\"Keep it minimal\"},{\"type\":\"text\",\"text\":\": small, clear code that you can actually read and understand.\"}]}]},{\"type\":\"listItem\",\"content\":[{\"type\":\"paragraph\",\"content\":[{\"type\":\"text\",\"marks\":[{\"type\":\"bold\"}],\"text\":\"Make it fast\"},{\"type\":\"text\",\"text\":\": Next.js 16 Cache Components handle performance.\"}]}]},{\"type\":\"listItem\",\"content\":[{\"type\":\"paragraph\",\"content\":[{\"type\":\"text\",\"marks\":[{\"type\":\"bold\"}],\"text\":\"Open by design\"},{\"type\":\"text\",\"text\":\": you can create your own shadcn registry to share themes, UI sections, or field types.\"}]}]},{\"type\":\"listItem\",\"content\":[{\"type\":\"paragraph\",\"content\":[{\"type\":\"text\",\"marks\":[{\"type\":\"bold\"}],\"text\":\"AI as a helper\"},{\"type\":\"text\",\"text\":\": let AI tools help generate layouts or themes when that makes sense.\"}]}]},{\"type\":\"listItem\",\"content\":[{\"type\":\"paragraph\",\"content\":[{\"type\":\"text\",\"marks\":[{\"type\":\"bold\"}],\"text\":\"Support real workflows\"},{\"type\":\"text\",\"text\":\": draft, review, and publish content the way teams already work.\"}]}]}]},{\"type\":\"heading\",\"attrs\":{\"level\":2},\"content\":[{\"type\":\"text\",\"text\":\"Content Workflow\"}]},{\"type\":\"paragraph\",\"content\":[{\"type\":\"text\",\"text\":\"Most web projects I’ve worked on share a similar rhythm. A campaign or product launch is coming up. The team creates content and new components on a preview URL. People review it, give feedback, refine, and then it goes live.\"}]},{\"type\":\"paragraph\",\"content\":[{\"type\":\"text\",\"text\":\"That’s the workflow I had in mind while building Headcode CMS, not an abstract enterprise system, but something that fits naturally into how developers and content people actually collaborate.\"}]},{\"type\":\"heading\",\"attrs\":{\"level\":2},\"content\":[{\"type\":\"text\",\"text\":\"Thank You\"}]},{\"type\":\"paragraph\",\"content\":[{\"type\":\"text\",\"text\":\"Headcode CMS is an open source project built on many wonderful tools from the community, including Next.js, shadcn/ui, Tailwind CSS, TanStack, Drizzle ORM, Better Auth, TipTap, Zod, and so many more. It exists thanks to the people who create, maintain, and share their work in the open.\"}]},{\"type\":\"heading\",\"attrs\":{\"level\":2},\"content\":[{\"type\":\"text\",\"text\":\"Roadmap\"}]},{\"type\":\"paragraph\",\"content\":[{\"type\":\"text\",\"text\":\"The first version is published on December 2nd, 2025. It’s still early, and many features are missing. But I want to keep the core small, readable, and easy to maintain.\"}]},{\"type\":\"paragraph\",\"content\":[{\"type\":\"text\",\"text\":\"Here’s what’s next on my list:\"}]},{\"type\":\"paragraph\",\"content\":[{\"type\":\"text\",\"marks\":[{\"type\":\"bold\"}],\"text\":\"Short-term:\"}]},{\"type\":\"bulletList\",\"content\":[{\"type\":\"listItem\",\"content\":[{\"type\":\"paragraph\",\"content\":[{\"type\":\"text\",\"text\":\"Support for more database, storage, and auth providers\"}]}]},{\"type\":\"listItem\",\"content\":[{\"type\":\"paragraph\",\"content\":[{\"type\":\"text\",\"text\":\"Multi-language support for the admin interface\"}]}]},{\"type\":\"listItem\",\"content\":[{\"type\":\"paragraph\",\"content\":[{\"type\":\"text\",\"text\":\"A simple media library\"}]}]}]},{\"type\":\"paragraph\",\"content\":[{\"type\":\"text\",\"marks\":[{\"type\":\"bold\"}],\"text\":\"Long-term:\"}]},{\"type\":\"bulletList\",\"content\":[{\"type\":\"listItem\",\"content\":[{\"type\":\"paragraph\",\"content\":[{\"type\":\"text\",\"text\":\"Better integration with AI generation tools\"}]},{\"type\":\"bulletList\",\"content\":[{\"type\":\"listItem\",\"content\":[{\"type\":\"paragraph\",\"content\":[{\"type\":\"text\",\"text\":\"AI app/website builders like v0, Lovable, Bolt, Builder.io are the new theme stores\"}]}]},{\"type\":\"listItem\",\"content\":[{\"type\":\"paragraph\",\"content\":[{\"type\":\"text\",\"text\":\"The TipTap editor stores rich text content in structured JSONContent format. Therefore all Headcode CMS content is accessible as structured JSON data. Make this available for AI tools\"}]}]}]}]},{\"type\":\"listItem\",\"content\":[{\"type\":\"paragraph\",\"content\":[{\"type\":\"text\",\"text\":\"Support for other tech stacks like TanStack, Laravel Inertia, Shopify Headless, Convex and add support for additional hosting options\"}]}]}]},{\"type\":\"paragraph\",\"content\":[{\"type\":\"text\",\"text\":\"It’s open source. So if something is missing and you have time or ideas, I’d love to see your contribution.\"}]},{\"type\":\"heading\",\"attrs\":{\"level\":2},\"content\":[{\"type\":\"text\",\"text\":\"How You Can Help\"}]},{\"type\":\"paragraph\",\"content\":[{\"type\":\"text\",\"text\":\"You can help by simply using it, reporting issues, suggesting improvements, or sending pull requests. \"},{\"type\":\"text\",\"marks\":[{\"type\":\"link\",\"attrs\":{\"href\":\"https://github.com/headcodecms/headcodecms\",\"target\":\"_blank\",\"rel\":\"noopener noreferrer nofollow\",\"class\":null}}],\"text\":\"Stars on GitHub\"},{\"type\":\"text\",\"text\":\" and kind words on social media really help too (use #headcodecms or mention me directly @headcodecms).\"}]},{\"type\":\"paragraph\",\"content\":[{\"type\":\"text\",\"text\":\"Headcode CMS is a side project right now, but I’d love to spend more time on it. If you want to support that, I’ve set up a \"},{\"type\":\"text\",\"marks\":[{\"type\":\"link\",\"attrs\":{\"href\":\"https://github.com/sponsors/headcodecms\",\"target\":\"_blank\",\"rel\":\"noopener noreferrer nofollow\",\"class\":null}}],\"text\":\"GitHub Sponsors\"},{\"type\":\"text\",\"text\":\" page. Any support, financial, feedback, or code, means a lot.\"}]},{\"type\":\"paragraph\",\"content\":[{\"type\":\"text\",\"text\":\"Markus\"},{\"type\":\"hardBreak\"},{\"type\":\"text\",\"marks\":[{\"type\":\"link\",\"attrs\":{\"href\":\"mailto:markus@headcodecms.com\",\"target\":\"_blank\",\"rel\":\"noopener noreferrer nofollow\",\"class\":null}}],\"text\":\"markus@headcodecms.com\"},{\"type\":\"hardBreak\"},{\"type\":\"text\",\"marks\":[{\"type\":\"link\",\"attrs\":{\"href\":\"https://mext.at\",\"target\":\"_blank\",\"rel\":\"noopener noreferrer nofollow\",\"class\":null}}],\"text\":\"https://mext.at\"}]},{\"type\":\"paragraph\",\"content\":[{\"type\":\"text\",\"marks\":[{\"type\":\"italic\"}],\"text\":\"Created with ❤️ in Salzburg, Austria\"}]}]}}"',3,1764257150647,1764607238969);
INSERT INTO sections VALUES(7,'text',1,0,'"{\"text\":{\"type\":\"doc\",\"content\":[{\"type\":\"paragraph\",\"content\":[{\"type\":\"text\",\"text\":\"Headcode CMS is meant to be customized.\"}]},{\"type\":\"paragraph\",\"content\":[{\"type\":\"text\",\"text\":\"If you’ve built your own theme, custom field, or integration, or even wrote a tutorial about it, I’d love to see and share it.\"}]},{\"type\":\"paragraph\",\"content\":[{\"type\":\"text\",\"text\":\"This page will grow as people start sharing what they’ve made. For now, it’s simple: if you’ve created something and want it to be featured here, just send me a message:\"},{\"type\":\"hardBreak\"},{\"type\":\"text\",\"marks\":[{\"type\":\"link\",\"attrs\":{\"href\":\"mailto:markus@headcodecms.com\",\"target\":\"_blank\",\"rel\":\"noopener noreferrer nofollow\",\"class\":null}},{\"type\":\"bold\"}],\"text\":\"markus@headcodecms.com\"}]},{\"type\":\"heading\",\"attrs\":{\"level\":3},\"content\":[{\"type\":\"text\",\"text\":\"Show What You’ve Built\"}]},{\"type\":\"bulletList\",\"content\":[{\"type\":\"listItem\",\"content\":[{\"type\":\"paragraph\",\"content\":[{\"type\":\"text\",\"marks\":[{\"type\":\"bold\"}],\"text\":\"Themes\"},{\"type\":\"text\",\"text\":\": Custom designs, layouts, and visual styles built with Tailwind & Shadcn\"}]}]},{\"type\":\"listItem\",\"content\":[{\"type\":\"paragraph\",\"content\":[{\"type\":\"text\",\"marks\":[{\"type\":\"bold\"}],\"text\":\"Fields\"},{\"type\":\"text\",\"text\":\": Input types or editors you’ve created for specific content needs\"}]}]},{\"type\":\"listItem\",\"content\":[{\"type\":\"paragraph\",\"content\":[{\"type\":\"text\",\"marks\":[{\"type\":\"bold\"}],\"text\":\"UI Sections\"},{\"type\":\"text\",\"text\":\": Flexible page blocks for your own Shadcn registry\"}]}]},{\"type\":\"listItem\",\"content\":[{\"type\":\"paragraph\",\"content\":[{\"type\":\"text\",\"marks\":[{\"type\":\"bold\"}],\"text\":\"Other Services\"},{\"type\":\"text\",\"text\":\": Integrations, utilities, or external APIs\"}]}]},{\"type\":\"listItem\",\"content\":[{\"type\":\"paragraph\",\"content\":[{\"type\":\"text\",\"marks\":[{\"type\":\"bold\"}],\"text\":\"Tutorials, Videos & Articles\"},{\"type\":\"text\",\"text\":\": Anything that helps others learn or get inspired\"}]}]}]},{\"type\":\"heading\",\"attrs\":{\"level\":3},\"content\":[{\"type\":\"text\",\"text\":\"Let’s Grow This Together\"}]},{\"type\":\"paragraph\",\"content\":[{\"type\":\"text\",\"text\":\"Headcode CMS is still small, and that’s part of the fun. Each contribution, idea, or shared experiment helps shape what it can become.\"}]},{\"type\":\"paragraph\",\"content\":[{\"type\":\"text\",\"text\":\"Don’t wait until it’s perfect. If you made something interesting, send it my way. I’ll start featuring community work here soon.\"}]},{\"type\":\"paragraph\",\"content\":[{\"type\":\"text\",\"text\":\"Markus\"},{\"type\":\"hardBreak\"},{\"type\":\"text\",\"text\":\"markus@headcodecms.com\"}]}]}}"',4,1764262160860,1764262329489);
INSERT INTO sections VALUES(8,'hero',0,0,'"{\"title\":\"Community\",\"subtitle\":\"\",\"primaryButton\":{\"title\":\"\",\"url\":\"\",\"openInNewWindow\":false},\"secondaryButton\":{\"title\":\"\",\"url\":\"\",\"openInNewWindow\":false}}"',4,1764262316966,1764262329369);
INSERT INTO sections VALUES(9,'docs-meta',0,1,'"{\"title\":\"Configuration\",\"group\":\"overview\",\"order\":\"200\"}"',5,1764312576659,1764312576309);
INSERT INTO sections VALUES(10,'text',1,0,'"{\"text\":{\"type\":\"doc\",\"content\":[{\"type\":\"heading\",\"attrs\":{\"level\":1},\"content\":[{\"type\":\"text\",\"text\":\"Configuration\"}]},{\"type\":\"paragraph\",\"content\":[{\"type\":\"text\",\"text\":\"Headcode CMS projects are structured around entries, sections, and fields.\"}]},{\"type\":\"paragraph\",\"content\":[{\"type\":\"text\",\"text\":\"This configuration defines what content exists, how it’s grouped, and how editors interact with it inside the Headcode Admin.\"}]},{\"type\":\"heading\",\"attrs\":{\"level\":2},\"content\":[{\"type\":\"text\",\"text\":\"1. Project Structure\"}]},{\"type\":\"paragraph\",\"content\":[{\"type\":\"text\",\"text\":\"A Headcode CMS project consists of:\"}]},{\"type\":\"bulletList\",\"content\":[{\"type\":\"listItem\",\"content\":[{\"type\":\"paragraph\",\"content\":[{\"type\":\"text\",\"text\":\"Entries: Identified by a namespace and key.\"}]}]},{\"type\":\"listItem\",\"content\":[{\"type\":\"paragraph\",\"content\":[{\"type\":\"text\",\"text\":\"Sections: Each entry can include one or multiple sections.\"}]}]},{\"type\":\"listItem\",\"content\":[{\"type\":\"paragraph\",\"content\":[{\"type\":\"text\",\"text\":\"Fields: Each section defines a set of editable fields.\"}]}]}]},{\"type\":\"heading\",\"attrs\":{\"level\":3},\"content\":[{\"type\":\"text\",\"text\":\"Entries\"}]},{\"type\":\"paragraph\",\"content\":[{\"type\":\"text\",\"text\":\"An entry represents a piece of content — for example, a page, blog post, navigation menu, or footer.\"}]},{\"type\":\"paragraph\",\"content\":[{\"type\":\"text\",\"text\":\"Entries can be either static or dynamic:\"}]},{\"type\":\"bulletList\",\"content\":[{\"type\":\"listItem\",\"content\":[{\"type\":\"paragraph\",\"content\":[{\"type\":\"text\",\"text\":\"Static entries exist once per project, for example:\"}]},{\"type\":\"bulletList\",\"content\":[{\"type\":\"listItem\",\"content\":[{\"type\":\"paragraph\",\"content\":[{\"type\":\"text\",\"text\":\"namespace: \\\"global\\\", key: \\\"nav\\\" (main navigation)\"}]}]},{\"type\":\"listItem\",\"content\":[{\"type\":\"paragraph\",\"content\":[{\"type\":\"text\",\"text\":\"namespace: \\\"global\\\", key: \\\"footer\\\"\"}]}]}]}]},{\"type\":\"listItem\",\"content\":[{\"type\":\"paragraph\",\"content\":[{\"type\":\"text\",\"text\":\"Dynamic entries allow multiple instances within the same namespace, for example\"}]},{\"type\":\"bulletList\",\"content\":[{\"type\":\"listItem\",\"content\":[{\"type\":\"paragraph\",\"content\":[{\"type\":\"text\",\"text\":\"namespace: \\\"blog\\\", key: \\\"post-1\\\", post-2, post-3, etc.\"}]}]}]}]}]},{\"type\":\"paragraph\",\"content\":[{\"type\":\"text\",\"text\":\"You create dynamic entries directly in the Headcode Admin, while static entries are predefined in the config.\"}]},{\"type\":\"heading\",\"attrs\":{\"level\":3},\"content\":[{\"type\":\"text\",\"text\":\"2. The headcode.config.ts File\"}]},{\"type\":\"paragraph\",\"content\":[{\"type\":\"text\",\"text\":\"The configuration of entries and sections lives in headcode.config.ts.\"}]},{\"type\":\"paragraph\",\"content\":[{\"type\":\"text\",\"text\":\"Here’s an example configuration file:\"}]}]}}"',5,1764312603637,1764312603305);
INSERT INTO sections VALUES(11,'docs-meta',0,1,'"{\"title\":\"Versioning\",\"group\":\"overview\",\"order\":\"300\"}"',6,1764312645084,1764312644750);
INSERT INTO sections VALUES(12,'text',1,0,'"{\"text\":{\"type\":\"doc\",\"content\":[{\"type\":\"heading\",\"attrs\":{\"level\":1},\"content\":[{\"type\":\"text\",\"text\":\"Versioning\"}]},{\"type\":\"paragraph\",\"content\":[{\"type\":\"text\",\"text\":\"Headcode CMS includes a simple but powerful versioning system.\"}]},{\"type\":\"paragraph\",\"content\":[{\"type\":\"text\",\"text\":\"It lets you clone all content from an existing version, make changes safely, and prepare new content for an upcoming release, campaign, or website update.\"}]},{\"type\":\"paragraph\",\"content\":[{\"type\":\"text\",\"text\":\"When combined with Vercel preview deployments, each version can even have its own public preview URL, making it easy for teams to review and approve new content before publishing.\"}]},{\"type\":\"heading\",\"attrs\":{\"level\":2},\"content\":[{\"type\":\"text\",\"text\":\"1. How Versioning Works\"}]},{\"type\":\"paragraph\",\"content\":[{\"type\":\"text\",\"text\":\"A Headcode CMS version contains all entries and their sections.\"}]},{\"type\":\"paragraph\",\"content\":[{\"type\":\"text\",\"text\":\"When you create a new version and clone it from a previous one, all data, entries, sections, and fields, are duplicated.\"}]},{\"type\":\"paragraph\",\"content\":[{\"type\":\"text\",\"text\":\"Each version is defined in your headcode.config.ts file:\"}]},{\"type\":\"paragraph\"}]}}"',6,1764312659861,1764312659769);
INSERT INTO sections VALUES(13,'docs-meta',0,1,'"{\"title\":\"Overview\",\"group\":\"themes\",\"order\":\"100\"}"',7,1764312684769,1764312684444);
INSERT INTO sections VALUES(14,'text',1,0,'"{\"text\":{\"type\":\"doc\",\"content\":[{\"type\":\"heading\",\"attrs\":{\"level\":1},\"content\":[{\"type\":\"text\",\"text\":\"Themes Overview\"}]},{\"type\":\"paragraph\",\"content\":[{\"type\":\"text\",\"text\":\"A theme in Headcode CMS defines how your website looks and how its content sections are structured.\"}]},{\"type\":\"paragraph\",\"content\":[{\"type\":\"text\",\"text\":\"Each theme contains reusable sections — components such as Hero, Header, Footer, Features, RichText, Image, Image Gallery, or CodeSnippets.\"}]},{\"type\":\"heading\",\"attrs\":{\"level\":2},\"content\":[{\"type\":\"text\",\"text\":\"1. Where Themes Are Installed\"}]},{\"type\":\"paragraph\",\"content\":[{\"type\":\"text\",\"text\":\"When you install a theme, it’s added to: \"},{\"type\":\"text\",\"marks\":[{\"type\":\"code\"}],\"text\":\"components/headcode/themes/<theme-name>\"}]},{\"type\":\"paragraph\",\"content\":[{\"type\":\"text\",\"text\":\"For example, the Vienna theme (included in the starter kit) is installed at: \"},{\"type\":\"text\",\"marks\":[{\"type\":\"code\"}],\"text\":\"components/headcode/themes/vienna\"}]},{\"type\":\"paragraph\",\"content\":[{\"type\":\"text\",\"text\":\"Each theme can include multiple sections that can be mixed and matched in your website’s configuration.\"}]},{\"type\":\"heading\",\"attrs\":{\"level\":2},\"content\":[{\"type\":\"text\",\"text\":\"2. Using a Theme in Your Project\"}]},{\"type\":\"paragraph\",\"content\":[{\"type\":\"text\",\"text\":\"To enable a theme, register its sections in your \"},{\"type\":\"text\",\"marks\":[{\"type\":\"code\"}],\"text\":\"headcode.config.ts\"},{\"type\":\"text\",\"text\":\" file.\"}]},{\"type\":\"paragraph\",\"content\":[{\"type\":\"text\",\"text\":\"Here’s an example configuration using sections from a theme:\"}]}]}}"',7,1764312706198,1764312705886);
INSERT INTO sections VALUES(15,'docs-meta',0,1,'"{\"title\":\"Build Your Own\",\"group\":\"themes\",\"order\":\"300\"}"',8,1764312770825,1764312770493);
INSERT INTO sections VALUES(16,'text',1,0,'"{\"text\":{\"type\":\"doc\",\"content\":[{\"type\":\"heading\",\"attrs\":{\"level\":1},\"content\":[{\"type\":\"text\",\"text\":\"Build Your Own Theme\"}]},{\"type\":\"paragraph\",\"content\":[{\"type\":\"text\",\"text\":\"You can create your own theme for your website project, either for personal use or to share it privately or publicly with others.\"}]},{\"type\":\"paragraph\",\"content\":[{\"type\":\"text\",\"text\":\"Each theme consists of a set of sections that define content structure and presentation.\"}]},{\"type\":\"paragraph\",\"content\":[{\"type\":\"text\",\"text\":\"You can place these sections anywhere in your project, but if you plan to publish the theme, it’s best to organize it under: \"},{\"type\":\"text\",\"marks\":[{\"type\":\"code\"}],\"text\":\"components/headcode/themes/<theme-name>\"}]},{\"type\":\"heading\",\"attrs\":{\"level\":2},\"content\":[{\"type\":\"text\",\"text\":\"1. Creating a Section\"}]},{\"type\":\"paragraph\",\"content\":[{\"type\":\"text\",\"text\":\"Each section defines how a part of your page looks and what data can be edited in the Headcode Admin.\"}]},{\"type\":\"paragraph\",\"content\":[{\"type\":\"text\",\"text\":\"Here’s a simple example of a hero section:\"}]}]}}"',8,1764312797927,1764312797825);
INSERT INTO sections VALUES(17,'docs-meta',0,1,'"{\"title\":\"Theme Vienna\",\"group\":\"themes\",\"order\":\"200\"}"',9,1764312855615,1764312855181);
INSERT INTO sections VALUES(18,'text',1,0,'"{\"text\":{\"type\":\"doc\",\"content\":[{\"type\":\"heading\",\"attrs\":{\"level\":1},\"content\":[{\"type\":\"text\",\"text\":\"Theme Vienna\"}]},{\"type\":\"paragraph\",\"content\":[{\"type\":\"text\",\"text\":\"The Vienna theme is the default theme installed with Headcode CMS.\"}]},{\"type\":\"paragraph\",\"content\":[{\"type\":\"text\",\"text\":\"It’s a minimal example theme designed to showcase how Headcode CMS handles sections, fields, and layout composition.\"}]},{\"type\":\"heading\",\"attrs\":{\"level\":2},\"content\":[{\"type\":\"text\",\"text\":\"1. Location\"}]},{\"type\":\"paragraph\",\"content\":[{\"type\":\"text\",\"text\":\"After installing Headcode CMS (or the starter kit), the Vienna theme is available at: \"},{\"type\":\"text\",\"marks\":[{\"type\":\"code\"}],\"text\":\"components/headcode/themes/vienna\"}]},{\"type\":\"paragraph\",\"content\":[{\"type\":\"text\",\"text\":\"You can browse this folder to see how a theme is structured and how sections are implemented.\"}]},{\"type\":\"heading\",\"attrs\":{\"level\":2},\"content\":[{\"type\":\"text\",\"text\":\"2. Purpose\"}]},{\"type\":\"paragraph\",\"content\":[{\"type\":\"text\",\"text\":\"Vienna is intentionally simple.\"}]},{\"type\":\"paragraph\",\"content\":[{\"type\":\"text\",\"text\":\"Its goal is to provide a clear reference implementation you can use to:\"}]},{\"type\":\"bulletList\",\"content\":[{\"type\":\"listItem\",\"content\":[{\"type\":\"paragraph\",\"content\":[{\"type\":\"text\",\"text\":\"Understand how entries, sections, and fields work together\"}]}]},{\"type\":\"listItem\",\"content\":[{\"type\":\"paragraph\",\"content\":[{\"type\":\"text\",\"text\":\"Build your own sections and components\"}]}]},{\"type\":\"listItem\",\"content\":[{\"type\":\"paragraph\",\"content\":[{\"type\":\"text\",\"text\":\"Create your first custom theme or adapt Vienna to your design system\"}]}]}]},{\"type\":\"paragraph\",\"content\":[{\"type\":\"text\",\"text\":\"It’s a working example you can run and modify, not a full production theme.\"}]},{\"type\":\"heading\",\"attrs\":{\"level\":2},\"content\":[{\"type\":\"text\",\"text\":\"3. Included Sections\"}]},{\"type\":\"paragraph\",\"content\":[{\"type\":\"text\",\"text\":\"The Vienna theme ships with the following sections:\"}]},{\"type\":\"bulletList\",\"content\":[{\"type\":\"listItem\",\"content\":[{\"type\":\"paragraph\",\"content\":[{\"type\":\"text\",\"text\":\"Header: Basic top navigation component\"}]}]},{\"type\":\"listItem\",\"content\":[{\"type\":\"paragraph\",\"content\":[{\"type\":\"text\",\"text\":\"Hero: Title, subtitle, and primary button section\"}]}]},{\"type\":\"listItem\",\"content\":[{\"type\":\"paragraph\",\"content\":[{\"type\":\"text\",\"text\":\"Features: Layout for highlighting features or services\"}]}]},{\"type\":\"listItem\",\"content\":[{\"type\":\"paragraph\",\"content\":[{\"type\":\"text\",\"text\":\"Image: Single image display block\"}]}]},{\"type\":\"listItem\",\"content\":[{\"type\":\"paragraph\",\"content\":[{\"type\":\"text\",\"text\":\"Text: Rich text section with content editor support\"}]}]},{\"type\":\"listItem\",\"content\":[{\"type\":\"paragraph\",\"content\":[{\"type\":\"text\",\"text\":\"Footer: Simple footer layout with links and copyright\"}]}]}]},{\"type\":\"paragraph\",\"content\":[{\"type\":\"text\",\"text\":\"Each section includes its own fields and render component, making them easy to customize or reuse in new themes.\"}]},{\"type\":\"paragraph\"}]}}"',9,1764312875377,1764312875284);
INSERT INTO sections VALUES(19,'docs-meta',0,1,'"{\"title\":\"Text Field\",\"group\":\"fields\",\"order\":\"100\"}"',10,1764312977953,1764312977643);
INSERT INTO sections VALUES(20,'text',1,0,'"{\"text\":{\"type\":\"doc\",\"content\":[{\"type\":\"heading\",\"attrs\":{\"level\":1},\"content\":[{\"type\":\"text\",\"text\":\"Text Field\"}]},{\"type\":\"paragraph\",\"content\":[{\"type\":\"text\",\"text\":\"The Text Field is a simple single-line text input field component.\"}]},{\"type\":\"paragraph\",\"content\":[{\"type\":\"text\",\"text\":\"It’s included by default in the Headcode CMS Starter and uses the Input component from shadcn/ui under the hood (see: \"},{\"type\":\"text\",\"marks\":[{\"type\":\"link\",\"attrs\":{\"href\":\"https://ui.shadcn.com/docs/components/input\",\"target\":\"_blank\",\"rel\":\"noopener noreferrer nofollow\",\"class\":null}}],\"text\":\"https://ui.shadcn.com/docs/components/input).\"}]},{\"type\":\"heading\",\"attrs\":{\"level\":2},\"content\":[{\"type\":\"text\",\"text\":\"1. Installation\"}]},{\"type\":\"paragraph\",\"content\":[{\"type\":\"text\",\"text\":\"The Text Field is included in the Starter. No additional installation is required.\"}]},{\"type\":\"heading\",\"attrs\":{\"level\":2},\"content\":[{\"type\":\"text\",\"text\":\"2. Basic Usage\"}]},{\"type\":\"paragraph\",\"content\":[{\"type\":\"text\",\"text\":\"You can use the TextField in your section definition to create a simple text input.\"}]},{\"type\":\"paragraph\",\"content\":[{\"type\":\"text\",\"text\":\"Example (hero.tsx):\"}]}]}}"',10,1764312992941,1764312992852);
INSERT INTO sections VALUES(21,'docs-meta',0,1,'"{\"title\":\"SQLite\",\"group\":\"database\",\"order\":\"100\"}"',11,1764313107642,1764313107325);
INSERT INTO sections VALUES(22,'text',1,0,'"{\"text\":{\"type\":\"doc\",\"content\":[{\"type\":\"heading\",\"attrs\":{\"level\":1},\"content\":[{\"type\":\"text\",\"text\":\"SQLite\"}]},{\"type\":\"paragraph\",\"content\":[{\"type\":\"text\",\"text\":\"SQLite is the default database used by Headcode CMS.\"}]},{\"type\":\"paragraph\",\"content\":[{\"type\":\"text\",\"text\":\"It’s file‑based and ideal for local development and trying out the system.\"}]},{\"type\":\"heading\",\"attrs\":{\"level\":2},\"content\":[{\"type\":\"text\",\"text\":\"Installation\"}]},{\"type\":\"paragraph\",\"content\":[{\"type\":\"text\",\"text\":\"SQLite is included by default in the Headcode CMS Starter. No additional setup is required.\"}]},{\"type\":\"heading\",\"attrs\":{\"level\":2},\"content\":[{\"type\":\"text\",\"text\":\"Configuration\"}]},{\"type\":\"paragraph\",\"content\":[{\"type\":\"text\",\"text\":\"By default, Headcode CMS creates a file named \"},{\"type\":\"text\",\"marks\":[{\"type\":\"code\"}],\"text\":\"headcode.db\"},{\"type\":\"text\",\"text\":\" in the root of your project. You can change the file name or location in your environment file (e.g., .env.local):\"}]}]}}"',11,1764313122277,1764313122190);
INSERT INTO sections VALUES(23,'docs-meta',0,1,'"{\"title\":\"Turso Cloud\",\"group\":\"database\",\"order\":\"200\"}"',12,1764313147387,1764313146980);
INSERT INTO sections VALUES(24,'text',1,0,'"{\"text\":{\"type\":\"doc\",\"content\":[{\"type\":\"heading\",\"attrs\":{\"level\":1},\"content\":[{\"type\":\"text\",\"text\":\"Turso Cloud\"}]},{\"type\":\"paragraph\",\"content\":[{\"type\":\"text\",\"text\":\"Turso Cloud is a hosted, distributed database based on libSQL, and it works seamlessly with Headcode CMS. It’s a great choice for production environments where you need scalability and remote access.\"}]},{\"type\":\"heading\",\"attrs\":{\"level\":2},\"content\":[{\"type\":\"text\",\"text\":\"Installation\"}]},{\"type\":\"paragraph\",\"content\":[{\"type\":\"text\",\"text\":\"Turso support is included in Headcode CMS out of the box. You just need to connect your project to your Turso database using environment variables.\"}]},{\"type\":\"heading\",\"attrs\":{\"level\":2},\"content\":[{\"type\":\"text\",\"text\":\"Configuration\"}]},{\"type\":\"paragraph\",\"content\":[{\"type\":\"text\",\"text\":\"Set the following values in your environment file (e.g., .env.local):\"}]}]}}"',12,1764313168516,1764313168185);
INSERT INTO sections VALUES(25,'docs-meta',0,1,'"{\"title\":\"Postgres\",\"group\":\"database\",\"order\":\"300\"}"',13,1764313213103,1764313212698);
INSERT INTO sections VALUES(26,'text',1,0,'"{\"text\":{\"type\":\"doc\",\"content\":[{\"type\":\"heading\",\"attrs\":{\"level\":1},\"content\":[{\"type\":\"text\",\"text\":\"Postgres\"}]},{\"type\":\"paragraph\",\"content\":[{\"type\":\"text\",\"text\":\"coming soon.\"}]},{\"type\":\"paragraph\"}]}}"',13,1764313233177,1764313232855);
INSERT INTO sections VALUES(27,'docs-meta',0,1,'"{\"title\":\"File Storage\",\"group\":\"storage\",\"order\":\"100\"}"',14,1764313271731,1764313271401);
INSERT INTO sections VALUES(28,'text',1,0,'"{\"text\":{\"type\":\"doc\",\"content\":[{\"type\":\"heading\",\"attrs\":{\"level\":1},\"content\":[{\"type\":\"text\",\"text\":\"File Storage\"}]},{\"type\":\"paragraph\",\"content\":[{\"type\":\"text\",\"text\":\"File Storage is the simplest way to store uploaded images and media files. By default, files are saved in the \"},{\"type\":\"text\",\"marks\":[{\"type\":\"code\"}],\"text\":\"public/storage\"},{\"type\":\"text\",\"text\":\" folder.\"}]},{\"type\":\"paragraph\",\"content\":[{\"type\":\"text\",\"text\":\"This option is ideal for local development and tryouts.\"}]},{\"type\":\"heading\",\"attrs\":{\"level\":2},\"content\":[{\"type\":\"text\",\"text\":\"Installation\"}]},{\"type\":\"paragraph\",\"content\":[{\"type\":\"text\",\"text\":\"File storage is included in Headcode CMS by default. No extra setup is required.\"}]},{\"type\":\"heading\",\"attrs\":{\"level\":2},\"content\":[{\"type\":\"text\",\"text\":\"Configuration\"}]},{\"type\":\"paragraph\",\"content\":[{\"type\":\"text\",\"text\":\"You can change the storage folder path in your environment file (e.g., .env.local):\"}]}]}}"',14,1764313289929,1764313289619);
INSERT INTO sections VALUES(29,'docs-meta',0,1,'"{\"title\":\"Vercel BLOB\",\"group\":\"storage\",\"order\":\"200\"}"',15,1764313335223,1764313334805);
INSERT INTO sections VALUES(30,'text',1,0,'"{\"text\":{\"type\":\"doc\",\"content\":[{\"type\":\"heading\",\"attrs\":{\"level\":1},\"content\":[{\"type\":\"text\",\"text\":\"Vercel BLOB\"}]},{\"type\":\"paragraph\",\"content\":[{\"type\":\"text\",\"text\":\"Vercel BLOB is a simplest way to store uploaded images and media files for production scenarios. Simply add the auth token to your environment file (e.g., .env.local).\"}]},{\"type\":\"heading\",\"attrs\":{\"level\":2},\"content\":[{\"type\":\"text\",\"text\":\"Installation\"}]},{\"type\":\"paragraph\",\"content\":[{\"type\":\"text\",\"text\":\"Vercel BLOB is included in Headcode CMS by default. No extra setup is required.\"}]},{\"type\":\"heading\",\"attrs\":{\"level\":2},\"content\":[{\"type\":\"text\",\"text\":\"Configuration\"}]},{\"type\":\"paragraph\",\"content\":[{\"type\":\"text\",\"text\":\"Configure the Vercel BLOB token in your environment file (e.g., .env.local):\"}]}]}}"',15,1764313352189,1764313352109);
INSERT INTO sections VALUES(31,'docs-meta',0,1,'"{\"title\":\"Uploadthing\",\"group\":\"storage\",\"order\":\"300\"}"',16,1764313373321,1764313373006);
INSERT INTO sections VALUES(32,'text',1,0,'"{\"text\":{\"type\":\"doc\",\"content\":[{\"type\":\"heading\",\"attrs\":{\"level\":1},\"content\":[{\"type\":\"text\",\"text\":\"Uploadthing\"}]},{\"type\":\"paragraph\",\"content\":[{\"type\":\"text\",\"marks\":[{\"type\":\"link\",\"attrs\":{\"href\":\"https://uploadthing.com/\",\"target\":\"_blank\",\"rel\":\"noopener noreferrer nofollow\",\"class\":null}}],\"text\":\"Uploadthing\"},{\"type\":\"text\",\"text\":\" provids a very convenient way to store uploaded images and media files for production scenarios.\"}]},{\"type\":\"heading\",\"attrs\":{\"level\":2},\"content\":[{\"type\":\"text\",\"text\":\"Installation\"}]},{\"type\":\"paragraph\"}]}}"',16,1764313389353,1764313389270);
INSERT INTO sections VALUES(33,'docs-meta',0,1,'"{\"title\":\"Better Auth\",\"group\":\"auth\",\"order\":\"100\"}"',17,1764313411951,1764313411541);
INSERT INTO sections VALUES(34,'text',1,0,'"{\"text\":{\"type\":\"doc\",\"content\":[{\"type\":\"heading\",\"attrs\":{\"level\":1},\"content\":[{\"type\":\"text\",\"text\":\"Better Auth\"}]},{\"type\":\"paragraph\",\"content\":[{\"type\":\"text\",\"text\":\"Better Auth is the default authentication provider for Headcode CMS. I also use the Admin plugin to manage users and roles.\"}]},{\"type\":\"heading\",\"attrs\":{\"level\":2},\"content\":[{\"type\":\"text\",\"text\":\"Installation\"}]},{\"type\":\"paragraph\",\"content\":[{\"type\":\"text\",\"text\":\"Better Auth is included in Headcode CMS by default. No extra setup is required.\"}]},{\"type\":\"heading\",\"attrs\":{\"level\":2},\"content\":[{\"type\":\"text\",\"text\":\"Configuration\"}]},{\"type\":\"paragraph\",\"content\":[{\"type\":\"text\",\"text\":\"For local development Better Auth works without configuration. For production scenarios, please configure the Better Auth secret and URL in your environment file (e.g., .env.local):\"}]}]}}"',17,1764313428957,1764313428878);
INSERT INTO sections VALUES(36,'snippet',2,0,'"{\"snippets\":[{\"title\":\"pnpm\",\"code\":\"pnpm dlx shadcn@latest add https://headcodecms.com/r/<component-name>.json\"},{\"title\":\"npm\",\"code\":\"npx shadcn@latest add https://headcodecms.com/r/<component-name>.json\"}]}"',1,1764329667461,1764329666890);
INSERT INTO sections VALUES(37,'text',3,0,'"{\"text\":{\"type\":\"doc\",\"content\":[{\"type\":\"heading\",\"attrs\":{\"level\":2},\"content\":[{\"type\":\"text\",\"text\":\"1. Install the Starter\"}]},{\"type\":\"paragraph\",\"content\":[{\"type\":\"text\",\"text\":\"The easiest way to begin is with the Headcode CMS Starter:\"}]}]}}"',1,1764329706942,1764329706660);
INSERT INTO sections VALUES(38,'snippet',4,0,'"{\"snippets\":[{\"title\":\"pnpm\",\"code\":\"pnpm dlx shadcn@latest add https://headcodecms.com/r/starter.json\"},{\"title\":\"npm\",\"code\":\"npx shadcn@latest add https://headcodecms.com/r/starter.json\"}]}"',1,1764330040755,1764330040464);
INSERT INTO sections VALUES(39,'text',5,0,'"{\"text\":{\"type\":\"doc\",\"content\":[{\"type\":\"paragraph\",\"content\":[{\"type\":\"text\",\"text\":\"The starter installs:\"}]},{\"type\":\"bulletList\",\"content\":[{\"type\":\"listItem\",\"content\":[{\"type\":\"paragraph\",\"content\":[{\"type\":\"text\",\"text\":\"Next.js 16\"}]}]},{\"type\":\"listItem\",\"content\":[{\"type\":\"paragraph\",\"content\":[{\"type\":\"text\",\"text\":\"shadcn/ui\"}]}]},{\"type\":\"listItem\",\"content\":[{\"type\":\"paragraph\",\"content\":[{\"type\":\"text\",\"text\":\"Headcode CMS admin\"}]}]},{\"type\":\"listItem\",\"content\":[{\"type\":\"paragraph\",\"content\":[{\"type\":\"text\",\"text\":\"The Headcode CMS Starter theme (including a demo site)\"}]}]}]},{\"type\":\"paragraph\",\"content\":[{\"type\":\"text\",\"text\":\"By default, it uses:\"}]},{\"type\":\"bulletList\",\"content\":[{\"type\":\"listItem\",\"content\":[{\"type\":\"paragraph\",\"content\":[{\"type\":\"text\",\"text\":\"SQLite (file-based) for the database\"}]}]},{\"type\":\"listItem\",\"content\":[{\"type\":\"paragraph\",\"content\":[{\"type\":\"text\",\"text\":\"Better Auth for authentication\"}]}]},{\"type\":\"listItem\",\"content\":[{\"type\":\"paragraph\",\"content\":[{\"type\":\"text\",\"text\":\"Local file storage\"}]}]}]},{\"type\":\"paragraph\",\"content\":[{\"type\":\"text\",\"text\":\"This configuration works great for local development or testing.\"}]},{\"type\":\"paragraph\",\"content\":[{\"type\":\"text\",\"text\":\"If you’re setting up for production, you’ll want to use real services.\"}]},{\"type\":\"paragraph\",\"content\":[{\"type\":\"text\",\"text\":\"Update your .env.local file to configure:\"}]},{\"type\":\"bulletList\",\"content\":[{\"type\":\"listItem\",\"content\":[{\"type\":\"paragraph\",\"content\":[{\"type\":\"text\",\"text\":\"A database (e.g. Turso Cloud)\"}]}]},{\"type\":\"listItem\",\"content\":[{\"type\":\"paragraph\",\"content\":[{\"type\":\"text\",\"text\":\"A storage provider (e.g. Vercel Blob Storage)\"}]}]}]},{\"type\":\"heading\",\"attrs\":{\"level\":2},\"content\":[{\"type\":\"text\",\"text\":\"2. Initialize the Database\"}]},{\"type\":\"paragraph\",\"content\":[{\"type\":\"text\",\"text\":\"After installing, set up your database schema using Drizzle Kit.\"}]},{\"type\":\"paragraph\",\"content\":[{\"type\":\"text\",\"text\":\"To push the schema directly:\"}]}]}}"',1,1764330114701,1764330114412);
INSERT INTO sections VALUES(40,'snippet',6,0,'"{\"snippets\":[{\"title\":\"pnpm\",\"code\":\"pnpm drizzle-kit push\"},{\"title\":\"npm\",\"code\":\"npx drizzle-kit push\"}]}"',1,1764330245546,1764330245246);
INSERT INTO sections VALUES(41,'text',7,0,'"{\"text\":{\"type\":\"doc\",\"content\":[{\"type\":\"paragraph\",\"content\":[{\"type\":\"text\",\"text\":\"Or, if you prefer using migrations:\"}]}]}}"',1,1764330274886,1764330274584);
INSERT INTO sections VALUES(42,'snippet',8,0,'"{\"snippets\":[{\"title\":\"pnpm\",\"code\":\"pnpm drizzle-kit generate\\npnpm drizzle-kit migrate\"},{\"title\":\"npm\",\"code\":\"npx drizzle-kit generate\\nnpx drizzle-kit migrate\"}]}"',1,1764330305368,1764330305076);
INSERT INTO sections VALUES(43,'text',9,0,'"{\"text\":{\"type\":\"doc\",\"content\":[{\"type\":\"heading\",\"attrs\":{\"level\":2},\"content\":[{\"type\":\"text\",\"text\":\"3. Project Structure\"}]},{\"type\":\"paragraph\",\"content\":[{\"type\":\"text\",\"text\":\"The starter sets up two main routes:\"}]},{\"type\":\"bulletList\",\"content\":[{\"type\":\"listItem\",\"content\":[{\"type\":\"paragraph\",\"content\":[{\"type\":\"text\",\"text\":\"Admin: app/(headcode)\"}]}]},{\"type\":\"listItem\",\"content\":[{\"type\":\"paragraph\",\"content\":[{\"type\":\"text\",\"text\":\"Demo Site: app/(site)\"}]}]}]},{\"type\":\"paragraph\",\"content\":[{\"type\":\"text\",\"text\":\"To avoid conflicts, remove the default Next.js layout and page files from the app root (these are no longer needed):\"}]},{\"type\":\"bulletList\",\"content\":[{\"type\":\"listItem\",\"content\":[{\"type\":\"paragraph\",\"content\":[{\"type\":\"text\",\"text\":\"app/layout.tsx\"}]}]},{\"type\":\"listItem\",\"content\":[{\"type\":\"paragraph\",\"content\":[{\"type\":\"text\",\"text\":\"app/page.tsx\"}]}]}]},{\"type\":\"paragraph\",\"content\":[{\"type\":\"text\",\"text\":\"Note: Keep globals.css — it’s required for shadcn/ui.\"}]},{\"type\":\"heading\",\"attrs\":{\"level\":2},\"content\":[{\"type\":\"text\",\"text\":\"4. Run the Development Server\"}]},{\"type\":\"paragraph\",\"content\":[{\"type\":\"text\",\"text\":\"You’re ready to start developing your website with Headcode CMS.\"}]}]}}"',1,1764330350088,1764330349779);
INSERT INTO sections VALUES(44,'snippet',10,0,'"{\"snippets\":[{\"title\":\"pnpm\",\"code\":\"pnpm dev\"},{\"title\":\"npm\",\"code\":\"npm run dev\"}]}"',1,1764330437802,1764330437505);
INSERT INTO sections VALUES(45,'text',11,0,'"{\"text\":{\"type\":\"doc\",\"content\":[{\"type\":\"paragraph\",\"content\":[{\"type\":\"text\",\"text\":\"Then open your browser:\"}]},{\"type\":\"bulletList\",\"content\":[{\"type\":\"listItem\",\"content\":[{\"type\":\"paragraph\",\"content\":[{\"type\":\"text\",\"text\":\"Website: \"},{\"type\":\"text\",\"marks\":[{\"type\":\"link\",\"attrs\":{\"href\":\"http://localhost:3000\",\"target\":\"_blank\",\"rel\":\"noopener noreferrer nofollow\",\"class\":null}}],\"text\":\"http://localhost:3000\"}]}]},{\"type\":\"listItem\",\"content\":[{\"type\":\"paragraph\",\"content\":[{\"type\":\"text\",\"text\":\"Admin: \"},{\"type\":\"text\",\"marks\":[{\"type\":\"link\",\"attrs\":{\"href\":\"http://localhost:3000/headcode\",\"target\":\"_blank\",\"rel\":\"noopener noreferrer nofollow\",\"class\":null}}],\"text\":\"http://localhost:3000/headcode\"}]}]}]},{\"type\":\"paragraph\",\"content\":[{\"type\":\"text\",\"text\":\"When you open the admin for the first time, you’ll be prompted to create an administrator user. After that, you can start editing content and customizing your site.\"}]},{\"type\":\"paragraph\"}]}}"',1,1764330535924,1764330535622);
INSERT INTO sections VALUES(46,'code',2,0,'"{\"codes\":[{\"language\":\"ts\",\"filename\":\"headcode.config.ts\",\"code\":\"export const headcodeConfig: HeadcodeConfig = {\\n  version: ''v02'',\\n  clone: ''v01'',\\n  entries: [\\n    {\\n      namespace: ''global'',\\n      key: ''nav'',\\n      sections: [{ section: navSection, pinned: true }],\\n    },\\n    {\\n      namespace: ''global'',\\n      key: ''footer'',\\n      sections: [{ section: footerSection, pinned: true }],\\n    },\\n    {\\n      namespace: ''blog'',\\n      sections: [\\n        { section: metaSection, pinned: true },\\n        { section: heroSection },\\n        { section: textSection },\\n        { section: imageSection },\\n      ],\\n    },\\n  ],\\n};\"}]}"',5,1764434476246,1764434476088);
INSERT INTO sections VALUES(47,'text',3,0,'"{\"text\":{\"type\":\"doc\",\"content\":[{\"type\":\"heading\",\"attrs\":{\"level\":3},\"content\":[{\"type\":\"text\",\"text\":\"Configuration Details\"}]},{\"type\":\"bulletList\",\"content\":[{\"type\":\"listItem\",\"content\":[{\"type\":\"paragraph\",\"content\":[{\"type\":\"text\",\"marks\":[{\"type\":\"bold\"}],\"text\":\"version\"},{\"type\":\"text\",\"text\":\": The current content version of your project.\"}]}]},{\"type\":\"listItem\",\"content\":[{\"type\":\"paragraph\",\"content\":[{\"type\":\"text\",\"marks\":[{\"type\":\"bold\"}],\"text\":\"clone\"},{\"type\":\"text\",\"text\":\" (optional): Indicates which version this is cloned from (useful for versioning content).\"}]}]},{\"type\":\"listItem\",\"content\":[{\"type\":\"paragraph\",\"content\":[{\"type\":\"text\",\"marks\":[{\"type\":\"bold\"}],\"text\":\"pinned sections\"},{\"type\":\"text\",\"text\":\": Sections marked as pinned: true are always included in the entry and cannot be deleted in the admin. Useful for required data, like metadata or summaries.\"}]}]},{\"type\":\"listItem\",\"content\":[{\"type\":\"paragraph\",\"content\":[{\"type\":\"text\",\"marks\":[{\"type\":\"bold\"}],\"text\":\"dynamic namespaces\"},{\"type\":\"text\",\"text\":\": Namespaces without a key (like blog) are dynamic. Their entries are created in the Headcode Admin.\"}]}]}]},{\"type\":\"heading\",\"attrs\":{\"level\":2},\"content\":[{\"type\":\"text\",\"text\":\"3. Defining Sections\"}]},{\"type\":\"paragraph\",\"content\":[{\"type\":\"text\",\"text\":\"Sections define reusable content blocks, similar to structured components or slices. Each section defines a name, label, and a set of fields that editors can modify.\"}]},{\"type\":\"paragraph\",\"content\":[{\"type\":\"text\",\"text\":\"Here’s a simple example of a heroSection:\"}]}]}}"',5,1764434649619,1764434649462);
INSERT INTO sections VALUES(48,'code',4,0,'"{\"codes\":[{\"language\":\"tsx\",\"filename\":\"hero.tsx\",\"code\":\"export const heroSection = {\\n  name: ''hero'',\\n  label: ''Hero Section'',\\n  fields: {\\n    title: TextField({\\n      label: ''Title'',\\n    }),\\n    subtitle: TextareaField({\\n      label: ''Subtitle'',\\n    }),\\n    primaryButton: LinkField({\\n      label: ''Primary Button'',\\n    }),\\n  } satisfies Fields,\\n};\\n\\nexport type HeroData = InferSectionData<typeof heroSection.fields>;\"}]}"',5,1764434762989,1764434762841);
INSERT INTO sections VALUES(49,'text',5,0,'"{\"text\":{\"type\":\"doc\",\"content\":[{\"type\":\"heading\",\"attrs\":{\"level\":2},\"content\":[{\"type\":\"text\",\"text\":\"4. Rendering a Section Component\"}]},{\"type\":\"paragraph\",\"content\":[{\"type\":\"text\",\"text\":\"To render the content on your site, parse the section data with the Headcode CMS helper and pass it into your component:\"}]}]}}"',5,1764434874340,1764434874187);
INSERT INTO sections VALUES(50,'code',6,0,'"{\"codes\":[{\"language\":\"tsx\",\"filename\":\"hero.tsx\",\"code\":\"export function Hero({ sectionData }: { sectionData: unknown }) {\\n  const { data } = parseSectionData(heroSection.fields, sectionData);\\n\\n  return (\\n    <div>\\n      <h1>{data.title}</h1>\\n      <p>{data.subtitle}</p>\\n      <Button href={data.primaryButton.url}>\\n        {data.primaryButton.title}\\n      </Button>\\n    </div>\\n  );\\n}\"}]}"',5,1764434917595,1764434917455);
INSERT INTO sections VALUES(52,'code',2,0,'"{\"codes\":[{\"language\":\"ts\",\"filename\":\"headcode.config.ts\",\"code\":\"export const headcodeConfig: HeadcodeConfig = {\\n  version: ''v02'',\\n  clone: ''v01'',\\n  entries: [...],\\n};\"}]}"',6,1764569912308,1764569912013);
INSERT INTO sections VALUES(53,'text',3,0,'"{\"text\":{\"type\":\"doc\",\"content\":[{\"type\":\"paragraph\",\"content\":[{\"type\":\"text\",\"text\":\"In this example, a new version v02 is created by cloning everything from version v01.\"}]},{\"type\":\"heading\",\"attrs\":{\"level\":2},\"content\":[{\"type\":\"text\",\"text\":\"2. Database Structure\"}]},{\"type\":\"paragraph\",\"content\":[{\"type\":\"text\",\"text\":\"Each entry in the database tracks which version it belongs to.\"}]},{\"type\":\"paragraph\",\"content\":[{\"type\":\"text\",\"text\":\"The entries table includes:\"}]},{\"type\":\"bulletList\",\"content\":[{\"type\":\"listItem\",\"content\":[{\"type\":\"paragraph\",\"content\":[{\"type\":\"text\",\"text\":\"id\"}]}]},{\"type\":\"listItem\",\"content\":[{\"type\":\"paragraph\",\"content\":[{\"type\":\"text\",\"text\":\"version\"}]}]},{\"type\":\"listItem\",\"content\":[{\"type\":\"paragraph\",\"content\":[{\"type\":\"text\",\"text\":\"namespace\"}]}]},{\"type\":\"listItem\",\"content\":[{\"type\":\"paragraph\",\"content\":[{\"type\":\"text\",\"text\":\"key\"}]}]}]},{\"type\":\"heading\",\"attrs\":{\"level\":2},\"content\":[{\"type\":\"text\",\"text\":\"3. Typical Versioning Workflow\"}]},{\"type\":\"orderedList\",\"attrs\":{\"start\":1,\"type\":null},\"content\":[{\"type\":\"listItem\",\"content\":[{\"type\":\"paragraph\",\"content\":[{\"type\":\"text\",\"text\":\"Create a new Git branch for the new version\"}]}]},{\"type\":\"listItem\",\"content\":[{\"type\":\"paragraph\",\"content\":[{\"type\":\"text\",\"text\":\"Update your headcode.config.ts to set the new version and clone from the previous one (e.g., version: v02, clone: v01)\"}]}]},{\"type\":\"listItem\",\"content\":[{\"type\":\"paragraph\",\"content\":[{\"type\":\"text\",\"text\":\"Push the branch to GitHub. Vercel will automatically create a new preview deployment with its own public URL\"}]}]},{\"type\":\"listItem\",\"content\":[{\"type\":\"paragraph\",\"content\":[{\"type\":\"text\",\"text\":\"Open the Headcode Admin in that preview deployment, you’ll be prompted to clone the content from the previous version\"}]}]},{\"type\":\"listItem\",\"content\":[{\"type\":\"paragraph\",\"content\":[{\"type\":\"text\",\"text\":\"Edit and prepare the new content in the Admin interface\"}]}]},{\"type\":\"listItem\",\"content\":[{\"type\":\"paragraph\",\"content\":[{\"type\":\"text\",\"text\":\"Review the preview site and verify everything looks good\"}]}]},{\"type\":\"listItem\",\"content\":[{\"type\":\"paragraph\",\"content\":[{\"type\":\"text\",\"text\":\"Merge the branch into main, this triggers a new production deployment\"}]}]},{\"type\":\"listItem\",\"content\":[{\"type\":\"paragraph\",\"content\":[{\"type\":\"text\",\"text\":\"Your new version is now live\"}]}]}]},{\"type\":\"heading\",\"attrs\":{\"level\":2},\"content\":[{\"type\":\"text\",\"text\":\"4. Summary\"}]},{\"type\":\"paragraph\",\"content\":[{\"type\":\"text\",\"text\":\"Versioning in Headcode CMS is designed to match real‑world workflows.\"}]},{\"type\":\"paragraph\",\"content\":[{\"type\":\"text\",\"text\":\"It integrates naturally with Git, Vercel, and modern frontend development, giving you a repeatable, safe process for launching new content versions without disrupting your live site.\"}]},{\"type\":\"paragraph\"}]}}"',6,1764569939308,1764569939232);
INSERT INTO sections VALUES(54,'docs-meta',0,1,'"{\"title\":\"Section Editor\",\"group\":\"admin\",\"order\":\"100\"}"',18,1764575797654,1764575797192);
INSERT INTO sections VALUES(55,'text',1,0,'"{\"text\":{\"type\":\"doc\",\"content\":[{\"type\":\"heading\",\"attrs\":{\"level\":1},\"content\":[{\"type\":\"text\",\"text\":\"Section Editor\"}]},{\"type\":\"paragraph\",\"content\":[{\"type\":\"text\",\"text\":\"The section editor allows you to edit the section data as form with the fields you defined in headcode.config.ts.\"}]},{\"type\":\"paragraph\",\"content\":[{\"type\":\"text\",\"text\":\"An entry has multiple sections. You can add, edit, delete and reorder sections in the sidebar.\"}]},{\"type\":\"paragraph\",\"content\":[{\"type\":\"text\",\"text\":\"The main form allows you to edit the section fields, add items to array fields and delete sections.\"}]},{\"type\":\"paragraph\"}]}}"',18,1764575813755,1764575813535);
INSERT INTO sections VALUES(56,'docs-meta',0,1,'"{\"title\":\"Entries\",\"group\":\"admin\",\"order\":\"200\"}"',19,1764575843142,1764575842698);
INSERT INTO sections VALUES(57,'text',1,0,'"{\"text\":{\"type\":\"doc\",\"content\":[{\"type\":\"heading\",\"attrs\":{\"level\":1},\"content\":[{\"type\":\"text\",\"text\":\"Entries\"}]},{\"type\":\"paragraph\",\"content\":[{\"type\":\"text\",\"text\":\"Entries are the main content units in Headcode CMS.\"}]},{\"type\":\"paragraph\",\"content\":[{\"type\":\"text\",\"text\":\"Each entry is identified by a namespace and a key, and contains one or more sections that define its data.\"}]},{\"type\":\"bulletList\",\"content\":[{\"type\":\"listItem\",\"content\":[{\"type\":\"paragraph\",\"content\":[{\"type\":\"text\",\"text\":\"Static entries are defined in \"},{\"type\":\"text\",\"marks\":[{\"type\":\"code\"}],\"text\":\"headcode.config.ts\"},{\"type\":\"text\",\"text\":\". They’re used for unique content like navigation menus, footers, or the homepage.\"}]}]},{\"type\":\"listItem\",\"content\":[{\"type\":\"paragraph\",\"content\":[{\"type\":\"text\",\"text\":\"Dynamic entries are created in the Headcode Admin. They’re used for repeatable content like blog posts or documentation pages.\"}]}]}]},{\"type\":\"paragraph\"}]}}"',19,1764575858984,1764575858769);
INSERT INTO sections VALUES(58,'docs-meta',0,1,'"{\"title\":\"Users\",\"group\":\"admin\",\"order\":\"300\"}"',20,1764575895910,1764575895438);
INSERT INTO sections VALUES(59,'text',1,0,'"{\"text\":{\"type\":\"doc\",\"content\":[{\"type\":\"heading\",\"attrs\":{\"level\":1},\"content\":[{\"type\":\"text\",\"text\":\"Users\"}]},{\"type\":\"paragraph\",\"content\":[{\"type\":\"text\",\"text\":\"Headcode CMS lets you manage users and roles. By default, there are two roles:\"}]},{\"type\":\"bulletList\",\"content\":[{\"type\":\"listItem\",\"content\":[{\"type\":\"paragraph\",\"content\":[{\"type\":\"text\",\"text\":\"Admin: Can manage content, users, and roles.\"}]}]},{\"type\":\"listItem\",\"content\":[{\"type\":\"paragraph\",\"content\":[{\"type\":\"text\",\"text\":\"User: Can manage content only.\"}]}]}]},{\"type\":\"paragraph\",\"content\":[{\"type\":\"text\",\"text\":\"User management is available in the Admin under Users. Authentication and sessions are handled by Better Auth.\"}]},{\"type\":\"paragraph\"}]}}"',20,1764575910421,1764575910210);
INSERT INTO sections VALUES(60,'code',2,0,'"{\"codes\":[{\"language\":\"ts\",\"filename\":\"headcode.config.ts\",\"code\":\"export const headcodeConfig: HeadcodeConfig = {\\n  version: ''v01'',\\n  entries: [\\n    {\\n      namespace: ''global'',\\n      key: ''home'',\\n      sections: [\\n        { section: heroSection },\\n        { section: featuresSection },\\n        { section: textSection },\\n        { section: imageSection },\\n      ],\\n    },\\n    // Other entries...\\n  ],\\n};\\n\"}]}"',7,1764580511039,1764580510885);
INSERT INTO sections VALUES(61,'text',3,0,'"{\"text\":{\"type\":\"doc\",\"content\":[{\"type\":\"paragraph\",\"content\":[{\"type\":\"text\",\"text\":\"This defines the homepage (namespace: \\\"global\\\", key: \\\"home\\\") and lists the sections that make it up.\"}]},{\"type\":\"heading\",\"attrs\":{\"level\":2},\"content\":[{\"type\":\"text\",\"text\":\"3. Rendering Sections\"}]},{\"type\":\"paragraph\",\"content\":[{\"type\":\"text\",\"text\":\"To render the content for an entry, use the Headcode CMS utilities found in \"},{\"type\":\"text\",\"marks\":[{\"type\":\"code\"}],\"text\":\"lib/headcode/index.ts\"},{\"type\":\"text\",\"text\":\".\"}]},{\"type\":\"paragraph\",\"content\":[{\"type\":\"text\",\"text\":\"These functions load and parse entry data, allowing you to render the corresponding section components.\"}]}]}}"',7,1764580531060,1764580530922);
INSERT INTO sections VALUES(62,'code',4,0,'"{\"codes\":[{\"language\":\"tsx\",\"filename\":\"page.tsx\",\"code\":\"export default function Home() {\\n  return <HomeSection />;\\n}\\n\\nasync function HomeSection() {\\n  ''use cache'';\\n\\n  const sections = await getSections(''global'', ''home'');\\n\\n  return sections.map((section) => (\\n    <div key={section.id}>\\n      {section.name === ''hero'' && <Hero sectionData={section.data} />}\\n      {section.name === ''features'' && <Features sectionData={section.data} />}\\n      {section.name === ''text'' && <Text sectionData={section.data} />}\\n      {section.name === ''image'' && <SingleImage sectionData={section.data} />}\\n    </div>\\n  ));\\n}\"}]}"',7,1764580561657,1764580561512);
INSERT INTO sections VALUES(63,'text',5,0,'"{\"text\":{\"type\":\"doc\",\"content\":[{\"type\":\"paragraph\",\"content\":[{\"type\":\"text\",\"text\":\"Each \"},{\"type\":\"text\",\"marks\":[{\"type\":\"link\",\"attrs\":{\"href\":\"http://section.name\",\"target\":\"_blank\",\"rel\":\"noopener noreferrer nofollow\",\"class\":null}}],\"text\":\"section.name\"},{\"type\":\"text\",\"text\":\" corresponds to the name property in the section definition (e.g., \\\"hero\\\", \\\"text\\\", etc.).\"}]},{\"type\":\"heading\",\"attrs\":{\"level\":2},\"content\":[{\"type\":\"text\",\"text\":\"4. Using Default Section Data\"}]},{\"type\":\"paragraph\",\"content\":[{\"type\":\"text\",\"text\":\"During development, you may not have real CMS data yet.\"}]},{\"type\":\"paragraph\",\"content\":[{\"type\":\"text\",\"text\":\"You can provide default section data to render a complete layout even when no entries exist in the database.\"}]},{\"type\":\"paragraph\",\"content\":[{\"type\":\"text\",\"text\":\"Here’s an example setup with fallback data:\"}]}]}}"',7,1764580662433,1764580662295);
INSERT INTO sections VALUES(64,'code',6,0,'"{\"codes\":[{\"language\":\"tsx\",\"filename\":\"page.tsx\",\"code\":\"export default function Home() {\\n  return <HomeSection />;\\n}\\n\\nasync function HomeSection() {\\n  ''use cache'';\\n\\n  const sections = await getSections(''global'', ''home'');\\n  if (sections.length === 0) {\\n    return (\\n      <div>\\n        <Hero sectionData={defaultHero} />\\n        <Text sectionData={defaultText} />\\n      </div>\\n    );\\n  }\\n\\n  return sections.map((section) => (\\n    <div key={section.id}>\\n      {section.name === ''hero'' && <Hero sectionData={section.data} />}\\n      {section.name === ''features'' && <Features sectionData={section.data} />}\\n      {section.name === ''text'' && <Text sectionData={section.data} />}\\n      {section.name === ''image'' && <SingleImage sectionData={section.data} />}\\n    </div>\\n  ));\\n}\\n\\nconst defaultHero: HeroData = {\\n  title: ''A Minimalistic Web CMS'',\\n  subtitle: ''Published as a shadcn repository'',\\n};\\n\\nconst defaultText: TextData = {\\n  text: {\\n    type: ''doc'',\\n    content: [\\n      {\\n        type: ''paragraph'',\\n        content: [{ type: ''text'', text: ''Lorem ipsum dolor sit amet...'' }],\\n      },\\n    ],\\n  },\\n};\"}]}"',7,1764580684021,1764580683872);
INSERT INTO sections VALUES(65,'code',2,0,'"{\"codes\":[{\"language\":\"tsx\",\"filename\":\"hero.tsx\",\"code\":\"export const heroSection = {\\n  name: ''hero'',\\n  label: ''Hero Section'',\\n  fields: {\\n    title: TextField({\\n      label: ''Title'',\\n    }),\\n    subtitle: TextareaField({\\n      label: ''Subtitle'',\\n    }),\\n    primaryButton: LinkField({\\n      label: ''Primary Button'',\\n    }),\\n  } satisfies Fields,\\n}\\nexport type HeroData = InferSectionData<typeof heroSection.fields>\\n\\nexport function Hero({ sectionData }: { sectionData: unknown }) {\\n  const { data } = parseSectionData(heroSection.fields, sectionData)\\n\\n  return (\\n    <div>\\n      <h1>{data.title}</h1>\\n      <p>{data.subtitle}</p>\\n      <Button href={data.primaryButton.url}>\\n        {data.primaryButton.title}\\n      </Button>\\n    </div>\\n  )\\n}\"}]}"',8,1764582258911,1764582258801);
INSERT INTO sections VALUES(66,'text',3,0,'"{\"text\":{\"type\":\"doc\",\"content\":[{\"type\":\"paragraph\",\"content\":[{\"type\":\"text\",\"text\":\"First you create a section definition (\"},{\"type\":\"text\",\"marks\":[{\"type\":\"code\"}],\"text\":\"heroSection\"},{\"type\":\"text\",\"text\":\"):\"}]},{\"type\":\"bulletList\",\"content\":[{\"type\":\"listItem\",\"content\":[{\"type\":\"paragraph\",\"content\":[{\"type\":\"text\",\"text\":\"The name uniquely identifies the section.\"}]}]},{\"type\":\"listItem\",\"content\":[{\"type\":\"paragraph\",\"content\":[{\"type\":\"text\",\"text\":\"The label is shown in the admin UI.\"}]}]},{\"type\":\"listItem\",\"content\":[{\"type\":\"paragraph\",\"content\":[{\"type\":\"text\",\"text\":\"The fields define editable data (Form fields rendered in Headcode Admin).\"}]}]}]},{\"type\":\"paragraph\",\"content\":[{\"type\":\"text\",\"text\":\"You can use any available field type (TextField, TextareaField, LinkField, etc.) or create your own custom ones.\"}]},{\"type\":\"paragraph\",\"content\":[{\"type\":\"text\",\"text\":\"Then infer the TypeScript data type for your section using InferSectionData. This gives you full type safety when rendering the section.\"}]},{\"type\":\"paragraph\",\"content\":[{\"type\":\"text\",\"marks\":[{\"type\":\"code\"}],\"text\":\"export type HeroData = InferSectionData<typeof heroSection.fields>;\"}]},{\"type\":\"paragraph\",\"content\":[{\"type\":\"text\",\"text\":\"Next, create a React component that renders the section on your page:\"}]}]}}"',8,1764582359432,1764582359314);
INSERT INTO sections VALUES(67,'code',4,0,'"{\"codes\":[{\"language\":\"tsx\",\"filename\":\"hero.tsx\",\"code\":\"export function Hero({ sectionData }: { sectionData: unknown }) {\\n  const { data } = parseSectionData(heroSection.fields, sectionData)\\n\\n  return (\\n    <div>\\n      <h1>{data.title}</h1>\\n      <p>{data.subtitle}</p>\\n      <Button href={data.primaryButton.url}>\\n        {data.primaryButton.title}\\n      </Button>\\n    </div>\\n  )\\n}\"}]}"',8,1764582612166,1764582612066);
INSERT INTO sections VALUES(68,'text',5,0,'"{\"text\":{\"type\":\"doc\",\"content\":[{\"type\":\"heading\",\"attrs\":{\"level\":3},\"content\":[{\"type\":\"text\",\"text\":\"How It Works\"}]},{\"type\":\"orderedList\",\"attrs\":{\"start\":1,\"type\":null},\"content\":[{\"type\":\"listItem\",\"content\":[{\"type\":\"paragraph\",\"content\":[{\"type\":\"text\",\"text\":\"parseSectionData validates and parses the incoming sectionData object.\"}]}]},{\"type\":\"listItem\",\"content\":[{\"type\":\"paragraph\",\"content\":[{\"type\":\"text\",\"text\":\"The resulting data object is fully typed as HeroData, giving you autocompletion and type hints in your component.\"}]}]},{\"type\":\"listItem\",\"content\":[{\"type\":\"paragraph\",\"content\":[{\"type\":\"text\",\"text\":\"Use this data object to render your section contents.\"}]}]}]},{\"type\":\"heading\",\"attrs\":{\"level\":2},\"content\":[{\"type\":\"text\",\"text\":\"3. Publishing Your Theme\"}]},{\"type\":\"paragraph\",\"content\":[{\"type\":\"text\",\"text\":\"Once your theme works locally, you can publish it so others can install it directly from your registry, just like a shadcn/ui component. Follow the official Shadcn Registry guide:\"}]},{\"type\":\"paragraph\",\"content\":[{\"type\":\"text\",\"marks\":[{\"type\":\"link\",\"attrs\":{\"href\":\"https://ui.shadcn.com/docs/registry\",\"target\":\"_blank\",\"rel\":\"noopener noreferrer nofollow\",\"class\":null}}],\"text\":\"https://ui.shadcn.com/docs/registry\"}]},{\"type\":\"paragraph\",\"content\":[{\"type\":\"text\",\"text\":\"There you’ll learn how to create a registry entry for your theme and publish it privately or publicly.\"}]},{\"type\":\"heading\",\"attrs\":{\"level\":3},\"content\":[{\"type\":\"text\",\"text\":\"Your Own Theme Store\"}]},{\"type\":\"paragraph\",\"content\":[{\"type\":\"text\",\"text\":\"If you’re building multiple themes or want to share them with your team or clients, you can create your own theme store by hosting your own shadcn registry.\"}]},{\"type\":\"paragraph\"}]}}"',8,1764582644705,1764582644604);
INSERT INTO sections VALUES(69,'code',2,0,'"{\"codes\":[{\"language\":\"tsx\",\"filename\":\"hero.tsx\",\"code\":\"import { TextField } from ''@/components/headcode/form/text-field''\\n\\nexport const heroSection = {\\n  name: ''hero'',\\n  label: ''Hero Section'',\\n  fields: {\\n    title: TextField({\\n      label: ''Title'',\\n    }),\\n    // other fields...\\n  },\\n};\"}]}"',10,1764586982379,1764586982308);
INSERT INTO sections VALUES(70,'text',3,0,'"{\"text\":{\"type\":\"doc\",\"content\":[{\"type\":\"paragraph\",\"content\":[{\"type\":\"text\",\"text\":\"In the Headcode Admin, this will render a labeled text input field named title within the Hero Section. The entered value is stored and available as part of the section’s data object.\"}]},{\"type\":\"heading\",\"attrs\":{\"level\":2},\"content\":[{\"type\":\"text\",\"text\":\"3. Options\"}]},{\"type\":\"paragraph\",\"content\":[{\"type\":\"text\",\"text\":\"The TextField function accepts several optional parameters for customizing its behavior.\"}]},{\"type\":\"paragraph\",\"content\":[{\"type\":\"text\",\"text\":\"Example:\"}]}]}}"',10,1764587008611,1764587008544);
INSERT INTO sections VALUES(71,'code',4,0,'"{\"codes\":[{\"language\":\"tsx\",\"filename\":\"hero.tsx\",\"code\":\"export const heroSection = {\\n  name: ''hero'',\\n  label: ''Hero Section'',\\n  fields: {\\n    title: TextField({\\n      label: ''Title'',\\n      defaultValue: ''My Title'',\\n      validator: z.string().min(3).max(100),\\n    }),\\n  },\\n};\"}]}"',10,1764587054134,1764587054066);
INSERT INTO sections VALUES(72,'text',5,0,'"{\"text\":{\"type\":\"doc\",\"content\":[{\"type\":\"heading\",\"attrs\":{\"level\":2},\"content\":[{\"type\":\"text\",\"text\":\"4. Example: Rendering the Field\"}]},{\"type\":\"paragraph\",\"content\":[{\"type\":\"text\",\"text\":\"When you access the section data in your component, the text field’s value is included in the parsed data:\"}]}]}}"',10,1764587202509,1764587202443);
INSERT INTO sections VALUES(73,'code',6,0,'"{\"codes\":[{\"language\":\"tsx\",\"filename\":\"hero.tsx\",\"code\":\"export function Hero({ sectionData }: { sectionData: unknown }) {\\n  const { data } = parseSectionData(heroSection.fields, sectionData);\\n\\n  return (\\n    <div>\\n      <h1>{data.title}</h1>\\n    </div>\\n  );\\n}\"}]}"',10,1764587219545,1764587219482);
INSERT INTO sections VALUES(74,'text',7,0,'"{\"text\":{\"type\":\"doc\",\"content\":[{\"type\":\"heading\",\"attrs\":{\"level\":2},\"content\":[{\"type\":\"text\",\"text\":\"5. Sections Without Rendering Components\"}]},{\"type\":\"paragraph\",\"content\":[{\"type\":\"text\",\"text\":\"Not every section needs to render something on the page. You can also create meta sections, sections that store structured data such as metadata, SEO information, author details, or campaign settings.\"}]},{\"type\":\"paragraph\",\"content\":[{\"type\":\"text\",\"text\":\"Meta sections usually define fields but don’t include a React component. They’re useful for storing non-visual information that can be accessed programmatically when rendering or processing content.\"}]},{\"type\":\"paragraph\",\"content\":[{\"type\":\"text\",\"text\":\"These sections are often pinned in your \"},{\"type\":\"text\",\"marks\":[{\"type\":\"code\"}],\"text\":\"headcode.config.ts\"},{\"type\":\"text\",\"text\":\", ensuring they can’t be removed from an entry.\"}]}]}}"',7,1764587828644,1764587828581);
INSERT INTO sections VALUES(75,'image',2,0,'"{\"image\":{\"src\":\"https://kgtqtevoofuen1xm.public.blob.vercel-storage.com/admin-section-e3FHcAEWIMG5GZooJuRW4OEaM3u4KU.png\",\"alt\":\"admin-section\",\"width\":1200,\"height\":903,\"blurDataURL\":\"data:image/png;base64,iVBORw0KGgoAAAANSUhEUgAAACAAAAAXCAYAAABqBU3hAAAMEElEQVR4AQCBAH7/ABMPDf8TDw3/Ew8N/xMPDf8TDw3/Ew8N/xMPDf8TDw3/Ew8N/xMPDf8TDw3/Ew8N/xMPDf8TDw3/Ew8N/xMPDf8TDw3/Ew8N/xMPDf8TDw3/Ew8N/xMPDf8TDw3/Ew8N/xMPDf8TDw3/Ew8N/xMPDf8TDw3/Ew8N/xMPDf8TDw3/AIEAfv8AEw8N/xMPDf8TDw3/Ew8N/xMPDf8TDw3/Ew8N/xMPDf8TDw3/Ew8N/xMPDf8TDw3/Ew8N/xMPDf8TDw3/Ew8N/xMPDf8TDw3/Ew8N/xMPDf8TDw3/Ew8N/xMPDf8TDw3/Ew8N/xMPDf8TDw3/Ew8N/xMPDf8TDw3/Ew8N/xMPDf8AgQB+/wATDw3/Ew8N/xMPDf8TDw3/Ew8N/xMPDf8TDw3/Ew8N/xMPDf8TDw3/Ew8N/xMPDf8TDw3/Ew8N/xMPDf8TDw3/Ew8N/xMPDf8TDw3/Ew8N/xMPDf8TDw3/Ew8N/xMPDf8TDw3/Ew8N/xMPDf8TDw3/Ew8N/xMPDf8TDw3/Ew8N/wCBAH7/ABMPDf8TDw3/Ew8N/xMPDf8TDw3/Ew8N/xMPDf8TDw3/Ew8N/xMPDf8TDw3/Ew8N/xMPDf8TDw3/Ew8N/xMPDf8TDw3/Ew8N/xMPDf8TDw3/Ew8N/xMPDf8TDw3/Ew8N/xMPDf8TDw3/Ew8N/xMPDf8TDw3/Ew8N/xMPDf8TDw3/AIEAfv8AEw8N/xMPDf8TDw3/Ew8N/xMPDf8TDw3/Ew8N/xMPDf8TDw3/Ew8N/xMPDf8TDw3/Ew8N/xMPDf8TDw3/Ew8N/xMPDf8TDw3/Ew8N/xMPDf8TDw3/Ew8N/xMPDf8TDw3/Ew8N/xMPDf8TDw3/Ew8N/xMPDf8TDw3/Ew8N/xMPDf8AgQB+/wATDw3/Ew8N/xMPDf8TDw3/Ew8N/xMPDf8TDw3/Ew8N/xMPDf8TDw3/Ew8N/xMPDf8TDw3/Ew8N/xMPDf8TDw3/Ew8N/xMPDf8TDw3/Ew8N/xMPDf8TDw3/Ew8N/xMPDf8TDw3/Ew8N/xMPDf8TDw3/Ew8N/xMPDf8TDw3/Ew8N/wCBAH7/ABMPDf8TDw3/Ew8N/xMPDf8TDw3/Ew8N/xMPDf8TDw3/Ew8N/xMPDf8TDw3/Ew8N/xMPDf8TDw3/Ew8N/xMPDf8TDw3/Ew8N/xMPDf8TDw3/Ew8N/xMPDf8TDw3/Ew8N/xMPDf8TDw3/Ew8N/xMPDf8TDw3/Ew8N/xMPDf8TDw3/AIEAfv8AEw8N/xMPDf8TDw3/Ew8N/xMPDf8TDw3/Ew8N/xMPDf8TDw3/Ew8N/xMPDf8TDw3/Ew8N/xMPDf8TDw3/Ew8N/xMPDf8TDw3/Ew8N/xMPDf8TDw3/Ew8N/xMPDf8TDw3/Ew8N/xMPDf8TDw3/Ew8N/xMPDf8TDw3/Ew8N/xMPDf8AgQB+/wATDw3/Ew8N/xMPDf8TDw3/Ew8N/xMPDf8TDw3/Ew8N/xMPDf8TDw3/Ew8N/xMPDf8TDw3/Ew8N/xMPDf8TDw3/Ew8N/xMPDf8TDw3/Ew8N/xMPDf8TDw3/Ew8N/xMPDf8TDw3/Ew8N/xMPDf8TDw3/Ew8N/xMPDf8TDw3/Ew8N/wCBAH7/ABMPDf8TDw3/Ew8N/xMPDf8TDw3/Ew8N/xMPDf8TDw3/Ew8N/xMPDf8TDw3/Ew8N/xMPDf8TDw3/Ew8N/xMPDf8TDw3/Ew8N/xMPDf8TDw3/Ew8N/xMPDf8TDw3/Ew8N/xMPDf8TDw3/Ew8N/xMPDf8TDw3/Ew8N/xMPDf8TDw3/AIEAfv8AEw8N/xMPDf8TDw3/Ew8N/xMPDf8TDw3/Ew8N/xMPDf8TDw3/Ew8N/xMPDf8TDw3/Ew8N/xMPDf8TDw3/Ew8N/xMPDf8TDw3/Ew8N/xMPDf8TDw3/Ew8N/xMPDf8TDw3/Ew8N/xMPDf8TDw3/Ew8N/xMPDf8TDw3/Ew8N/xMPDf8AgQB+/wATDw3/Ew8N/xMPDf8TDw3/Ew8N/xMPDf8TDw3/Ew8N/xMPDf8TDw3/Ew8N/xMPDf8TDw3/Ew8N/xMPDf8TDw3/Ew8N/xMPDf8TDw3/Ew8N/xMPDf8TDw3/Ew8N/xMPDf8TDw3/Ew8N/xMPDf8TDw3/Ew8N/xMPDf8TDw3/Ew8N/wCBAH7/ABMPDf8TDw3/Ew8N/xMPDf8TDw3/Ew8N/xMPDf8TDw3/Ew8N/xMPDf8TDw3/Ew8N/xMPDf8TDw3/Ew8N/xMPDf8TDw3/Ew8N/xMPDf8TDw3/Ew8N/xMPDf8TDw3/Ew8N/xMPDf8TDw3/Ew8N/xMPDf8TDw3/Ew8N/xMPDf8TDw3/AIEAfv8AEw8N/xMPDf8TDw3/Ew8N/xMPDf8TDw3/Ew8N/xMPDf8TDw3/Ew8N/xMPDf8TDw3/Ew8N/xMPDf8TDw3/Ew8N/xMPDf8TDw3/Ew8N/xMPDf8TDw3/Ew8N/xMPDf8TDw3/Ew8N/xMPDf8TDw3/Ew8N/xMPDf8TDw3/Ew8N/xMPDf8AgQB+/wATDw3/Ew8N/xMPDf8TDw3/Ew8N/xMPDf8TDw3/Ew8N/xMPDf8TDw3/Ew8N/xMPDf8TDw3/Ew8N/xMPDf8TDw3/Ew8N/xMPDf8TDw3/Ew8N/xMPDf8TDw3/Ew8N/xMPDf8TDw3/Ew8N/xMPDf8TDw3/Ew8N/xMPDf8TDw3/Ew8N/wCBAH7/ABMPDf8TDw3/Ew8N/xMPDf8TDw3/Ew8N/xMPDf8TDw3/Ew8N/xMPDf8TDw3/Ew8N/xMPDf8TDw3/Ew8N/xMPDf8TDw3/Ew8N/xMPDf8TDw3/Ew8N/xMPDf8TDw3/Ew8N/xMPDf8TDw3/Ew8N/xMPDf8TDw3/Ew8N/xMPDf8TDw3/AIEAfv8AEw8N/xMPDf8TDw3/Ew8N/xMPDf8TDw3/Ew8N/xMPDf8TDw3/Ew8N/xMPDf8TDw3/Ew8N/xMPDf8TDw3/Ew8N/xMPDf8TDw3/Ew8N/xMPDf8TDw3/Ew8N/xMPDf8TDw3/Ew8N/xMPDf8TDw3/Ew8N/xMPDf8TDw3/Ew8N/xMPDf8AgQB+/wATDw3/Ew8N/xMPDf8TDw3/Ew8N/xMPDf8TDw3/Ew8N/xMPDf8TDw3/Ew8N/xMPDf8TDw3/Ew8N/xMPDf8TDw3/Ew8N/xMPDf8TDw3/Ew8N/xMPDf8TDw3/Ew8N/xMPDf8TDw3/Ew8N/xMPDf8TDw3/Ew8N/xMPDf8TDw3/Ew8N/wCBAH7/ABMPDf8TDw3/Ew8N/xMPDf8TDw3/Ew8N/xMPDf8TDw3/Ew8N/xMPDf8TDw3/Ew8N/xMPDf8TDw3/Ew8N/xMPDf8TDw3/Ew8N/xMPDf8TDw3/Ew8N/xMPDf8TDw3/Ew8N/xMPDf8TDw3/Ew8N/xMPDf8TDw3/Ew8N/xMPDf8TDw3/AIEAfv8AEw8N/xMPDf8TDw3/Ew8N/xMPDf8TDw3/Ew8N/xMPDf8TDw3/Ew8N/xMPDf8TDw3/Ew8N/xMPDf8TDw3/Ew8N/xMPDf8TDw3/Ew8N/xMPDf8TDw3/Ew8N/xMPDf8TDw3/Ew8N/xMPDf8TDw3/Ew8N/xMPDf8TDw3/Ew8N/xMPDf8AgQB+/wATDw3/Ew8N/xMPDf8TDw3/Ew8N/xMPDf8TDw3/Ew8N/xMPDf8TDw3/Ew8N/xMPDf8TDw3/Ew8N/xMPDf8TDw3/Ew8N/xMPDf8TDw3/Ew8N/xMPDf8TDw3/Ew8N/xMPDf8TDw3/Ew8N/xMPDf8TDw3/Ew8N/xMPDf8TDw3/Ew8N/wCBAH7/ABMPDf8TDw3/Ew8N/xMPDf8TDw3/Ew8N/xMPDf8TDw3/Ew8N/xMPDf8TDw3/Ew8N/xMPDf8TDw3/Ew8N/xMPDf8TDw3/Ew8N/xMPDf8TDw3/Ew8N/xMPDf8TDw3/Ew8N/xMPDf8TDw3/Ew8N/xMPDf8TDw3/Ew8N/xMPDf8TDw3/AYEAfv8AEw8N/xMPDf8TDw3/Ew8N/xMPDf8TDw3/Ew8N/xMPDf8TDw3/Ew8N/xMPDf8TDw3/Ew8N/xMPDf8TDw3/Ew8N/xMPDf8TDw3/Ew8N/xMPDf8TDw3/Ew8N/xMPDf8TDw3/Ew8N/xMPDf8TDw3/Ew8N/xMPDf8TDw3/Ew8N/xMPDf+sM2RuZR31dwAAAABJRU5ErkJggg==\",\"name\":\"admin-section.png\",\"type\":\"image/png\",\"size\":151670}}"',18,1764600066444,1764600066343);
INSERT INTO sections VALUES(76,'text',3,0,'"{\"text\":{\"type\":\"doc\",\"content\":[{\"type\":\"paragraph\",\"content\":[{\"type\":\"text\",\"text\":\"The Section Editor is the main editing interface in Headcode CMS Admin.\"}]},{\"type\":\"paragraph\",\"content\":[{\"type\":\"text\",\"text\":\"It allows you to manage and edit the data for each section defined in your \"},{\"type\":\"text\",\"marks\":[{\"type\":\"code\"}],\"text\":\"headcode.config.ts\"},{\"type\":\"text\",\"text\":\" file.\"}]}]}}"',18,1764601072735,1764601072664);
INSERT INTO sections VALUES(77,'image',2,0,'"{\"image\":{\"src\":\"https://kgtqtevoofuen1xm.public.blob.vercel-storage.com/admin-entries-knvKzxzmmiwqfBl46rNchxgauYvDeu.png\",\"alt\":\"admin-entries\",\"width\":1200,\"height\":592,\"blurDataURL\":\"data:image/png;base64,iVBORw0KGgoAAAANSUhEUgAAACAAAAAOCAYAAABO3B6yAAAHWklEQVR4AQCBAH7/AAsPCf8LDwn/Cw8J/wsPCf8LDwn/Cw8J/wsPCf8LDwn/Cw8J/wsPCf8LDwn/Cw8J/wsPCf8LDwn/Cw8J/wsPCf8LDwn/Cw8J/wsPCf8LDwn/Cw8J/wsPCf8LDwn/Cw8J/wsPCf8LDwn/Cw8J/wsPCf8LDwn/Cw8J/wsPCf8LDwn/AIEAfv8ACw8J/wsPCf8LDwn/Cw8J/wsPCf8LDwn/Cw8J/wsPCf8LDwn/Cw8J/wsPCf8LDwn/Cw8J/wsPCf8LDwn/Cw8J/wsPCf8LDwn/Cw8J/wsPCf8LDwn/Cw8J/wsPCf8LDwn/Cw8J/wsPCf8LDwn/Cw8J/wsPCf8LDwn/Cw8J/wsPCf8AgQB+/wALDwn/Cw8J/wsPCf8LDwn/Cw8J/wsPCf8LDwn/Cw8J/wsPCf8LDwn/Cw8J/wsPCf8LDwn/Cw8J/wsPCf8LDwn/Cw8J/wsPCf8LDwn/Cw8J/wsPCf8LDwn/Cw8J/wsPCf8LDwn/Cw8J/wsPCf8LDwn/Cw8J/wsPCf8LDwn/Cw8J/wCBAH7/AAsPCf8LDwn/Cw8J/wsPCf8LDwn/Cw8J/wsPCf8LDwn/Cw8J/wsPCf8LDwn/Cw8J/wsPCf8LDwn/Cw8J/wsPCf8LDwn/Cw8J/wsPCf8LDwn/Cw8J/wsPCf8LDwn/Cw8J/wsPCf8LDwn/Cw8J/wsPCf8LDwn/Cw8J/wsPCf8LDwn/AIEAfv8ACw8J/wsPCf8LDwn/Cw8J/wsPCf8LDwn/Cw8J/wsPCf8LDwn/Cw8J/wsPCf8LDwn/Cw8J/wsPCf8LDwn/Cw8J/wsPCf8LDwn/Cw8J/wsPCf8LDwn/Cw8J/wsPCf8LDwn/Cw8J/wsPCf8LDwn/Cw8J/wsPCf8LDwn/Cw8J/wsPCf8AgQB+/wALDwn/Cw8J/wsPCf8LDwn/Cw8J/wsPCf8LDwn/Cw8J/wsPCf8LDwn/Cw8J/wsPCf8LDwn/Cw8J/wsPCf8LDwn/Cw8J/wsPCf8LDwn/Cw8J/wsPCf8LDwn/Cw8J/wsPCf8LDwn/Cw8J/wsPCf8LDwn/Cw8J/wsPCf8LDwn/Cw8J/wCBAH7/AAsPCf8LDwn/Cw8J/wsPCf8LDwn/Cw8J/wsPCf8LDwn/Cw8J/wsPCf8LDwn/Cw8J/wsPCf8LDwn/Cw8J/wsPCf8LDwn/Cw8J/wsPCf8LDwn/Cw8J/wsPCf8LDwn/Cw8J/wsPCf8LDwn/Cw8J/wsPCf8LDwn/Cw8J/wsPCf8LDwn/AIEAfv8ACw8J/wsPCf8LDwn/Cw8J/wsPCf8LDwn/Cw8J/wsPCf8LDwn/Cw8J/wsPCf8LDwn/Cw8J/wsPCf8LDwn/Cw8J/wsPCf8LDwn/Cw8J/wsPCf8LDwn/Cw8J/wsPCf8LDwn/Cw8J/wsPCf8LDwn/Cw8J/wsPCf8LDwn/Cw8J/wsPCf8AgQB+/wALDwn/Cw8J/wsPCf8LDwn/Cw8J/wsPCf8LDwn/Cw8J/wsPCf8LDwn/Cw8J/wsPCf8LDwn/Cw8J/wsPCf8LDwn/Cw8J/wsPCf8LDwn/Cw8J/wsPCf8LDwn/Cw8J/wsPCf8LDwn/Cw8J/wsPCf8LDwn/Cw8J/wsPCf8LDwn/Cw8J/wCBAH7/AAsPCf8LDwn/Cw8J/wsPCf8LDwn/Cw8J/wsPCf8LDwn/Cw8J/wsPCf8LDwn/Cw8J/wsPCf8LDwn/Cw8J/wsPCf8LDwn/Cw8J/wsPCf8LDwn/Cw8J/wsPCf8LDwn/Cw8J/wsPCf8LDwn/Cw8J/wsPCf8LDwn/Cw8J/wsPCf8LDwn/AIEAfv8ACw8J/wsPCf8LDwn/Cw8J/wsPCf8LDwn/Cw8J/wsPCf8LDwn/Cw8J/wsPCf8LDwn/Cw8J/wsPCf8LDwn/Cw8J/wsPCf8LDwn/Cw8J/wsPCf8LDwn/Cw8J/wsPCf8LDwn/Cw8J/wsPCf8LDwn/Cw8J/wsPCf8LDwn/Cw8J/wsPCf8AgQB+/wALDwn/Cw8J/wsPCf8LDwn/Cw8J/wsPCf8LDwn/Cw8J/wsPCf8LDwn/Cw8J/wsPCf8LDwn/Cw8J/wsPCf8LDwn/Cw8J/wsPCf8LDwn/Cw8J/wsPCf8LDwn/Cw8J/wsPCf8LDwn/Cw8J/wsPCf8LDwn/Cw8J/wsPCf8LDwn/Cw8J/wCBAH7/AAsPCf8LDwn/Cw8J/wsPCf8LDwn/Cw8J/wsPCf8LDwn/Cw8J/wsPCf8LDwn/Cw8J/wsPCf8LDwn/Cw8J/wsPCf8LDwn/Cw8J/wsPCf8LDwn/Cw8J/wsPCf8LDwn/Cw8J/wsPCf8LDwn/Cw8J/wsPCf8LDwn/Cw8J/wsPCf8LDwn/AYEAfv8ACw8J/wsPCf8LDwn/Cw8J/wsPCf8LDwn/Cw8J/wsPCf8LDwn/Cw8J/wsPCf8LDwn/Cw8J/wsPCf8LDwn/Cw8J/wsPCf8LDwn/Cw8J/wsPCf8LDwn/Cw8J/wsPCf8LDwn/Cw8J/wsPCf8LDwn/Cw8J/wsPCf8LDwn/Cw8J/wsPCf8VEvuQOnmEHQAAAABJRU5ErkJggg==\",\"name\":\"admin-entries.png\",\"type\":\"image/png\",\"size\":88152}}"',19,1764601440465,1764601440403);
INSERT INTO sections VALUES(78,'image',2,0,'"{\"image\":{\"src\":\"https://kgtqtevoofuen1xm.public.blob.vercel-storage.com/admin-users-4XREcKUaUHeEi8mtycOBLmRodSxtCr.png\",\"alt\":\"admin-users\",\"width\":1200,\"height\":394,\"blurDataURL\":\"data:image/png;base64,iVBORw0KGgoAAAANSUhEUgAAACAAAAAJCAYAAABT2S4KAAAEvElEQVR4AQCBAH7/AA8LCf8PCwn/DwsJ/w8LCf8PCwn/DwsJ/w8LCf8PCwn/DwsJ/w8LCf8PCwn/DwsJ/w8LCf8PCwn/DwsJ/w8LCf8PCwn/DwsJ/w8LCf8PCwn/DwsJ/w8LCf8PCwn/DwsJ/w8LCf8PCwn/DwsJ/w8LCf8PCwn/DwsJ/w8LCf8PCwn/AIEAfv8ADwsJ/w8LCf8PCwn/DwsJ/w8LCf8PCwn/DwsJ/w8LCf8PCwn/DwsJ/w8LCf8PCwn/DwsJ/w8LCf8PCwn/DwsJ/w8LCf8PCwn/DwsJ/w8LCf8PCwn/DwsJ/w8LCf8PCwn/DwsJ/w8LCf8PCwn/DwsJ/w8LCf8PCwn/DwsJ/w8LCf8AgQB+/wAPCwn/DwsJ/w8LCf8PCwn/DwsJ/w8LCf8PCwn/DwsJ/w8LCf8PCwn/DwsJ/w8LCf8PCwn/DwsJ/w8LCf8PCwn/DwsJ/w8LCf8PCwn/DwsJ/w8LCf8PCwn/DwsJ/w8LCf8PCwn/DwsJ/w8LCf8PCwn/DwsJ/w8LCf8PCwn/DwsJ/wCBAH7/AA8LCf8PCwn/DwsJ/w8LCf8PCwn/DwsJ/w8LCf8PCwn/DwsJ/w8LCf8PCwn/DwsJ/w8LCf8PCwn/DwsJ/w8LCf8PCwn/DwsJ/w8LCf8PCwn/DwsJ/w8LCf8PCwn/DwsJ/w8LCf8PCwn/DwsJ/w8LCf8PCwn/DwsJ/w8LCf8PCwn/AIEAfv8ADwsJ/w8LCf8PCwn/DwsJ/w8LCf8PCwn/DwsJ/w8LCf8PCwn/DwsJ/w8LCf8PCwn/DwsJ/w8LCf8PCwn/DwsJ/w8LCf8PCwn/DwsJ/w8LCf8PCwn/DwsJ/w8LCf8PCwn/DwsJ/w8LCf8PCwn/DwsJ/w8LCf8PCwn/DwsJ/w8LCf8AgQB+/wAPCwn/DwsJ/w8LCf8PCwn/DwsJ/w8LCf8PCwn/DwsJ/w8LCf8PCwn/DwsJ/w8LCf8PCwn/DwsJ/w8LCf8PCwn/DwsJ/w8LCf8PCwn/DwsJ/w8LCf8PCwn/DwsJ/w8LCf8PCwn/DwsJ/w8LCf8PCwn/DwsJ/w8LCf8PCwn/DwsJ/wCBAH7/AA8LCf8PCwn/DwsJ/w8LCf8PCwn/DwsJ/w8LCf8PCwn/DwsJ/w8LCf8PCwn/DwsJ/w8LCf8PCwn/DwsJ/w8LCf8PCwn/DwsJ/w8LCf8PCwn/DwsJ/w8LCf8PCwn/DwsJ/w8LCf8PCwn/DwsJ/w8LCf8PCwn/DwsJ/w8LCf8PCwn/AIEAfv8ADwsJ/w8LCf8PCwn/DwsJ/w8LCf8PCwn/DwsJ/w8LCf8PCwn/DwsJ/w8LCf8PCwn/DwsJ/w8LCf8PCwn/DwsJ/w8LCf8PCwn/DwsJ/w8LCf8PCwn/DwsJ/w8LCf8PCwn/DwsJ/w8LCf8PCwn/DwsJ/w8LCf8PCwn/DwsJ/w8LCf8BgQB+/wAPCwn/DwsJ/w8LCf8PCwn/DwsJ/w8LCf8PCwn/DwsJ/w8LCf8PCwn/DwsJ/w8LCf8PCwn/DwsJ/w8LCf8PCwn/DwsJ/w8LCf8PCwn/DwsJ/w8LCf8PCwn/DwsJ/w8LCf8PCwn/DwsJ/w8LCf8PCwn/DwsJ/w8LCf8PCwn/DwsJ/2gHRlAp+eIjAAAAAElFTkSuQmCC\",\"name\":\"admin-users.png\",\"type\":\"image/png\",\"size\":54938}}"',20,1764601685354,1764601685294);
INSERT INTO sections VALUES(80,'code',2,0,'"{\"codes\":[{\"language\":\"dotenv\",\"filename\":\".env.local\",\"code\":\"TURSO_DATABASE_URL=<your-turso-database-url>\\nTURSO_AUTH_TOKEN=<your-turso-auth-token>\"}]}"',12,1764602399571,1764602399534);
INSERT INTO sections VALUES(81,'code',3,0,'"{\"codes\":[{\"language\":\"dotenv\",\"filename\":\".env.local\",\"code\":\"LIBSQL_URL=file:headcode.db\"}]}"',11,1764602689651,1764602689622);
INSERT INTO sections VALUES(82,'code',2,0,'"{\"codes\":[{\"language\":\"dotenv\",\"filename\":\".env.local\",\"code\":\"FILE_STORAGE_FOLDER=public/storage\"}]}"',14,1764604449152,1764604449036);
INSERT INTO sections VALUES(83,'text',3,0,'"{\"text\":{\"type\":\"doc\",\"content\":[{\"type\":\"paragraph\",\"content\":[{\"type\":\"text\",\"text\":\"For production setups, consider switching to a cloud storage provider such as Vercel Blob or Uploadthing.\"}]}]}}"',14,1764604483997,1764604483881);
INSERT INTO sections VALUES(84,'code',2,0,'"{\"codes\":[{\"language\":\"dotenv\",\"filename\":\".env.local\",\"code\":\"BLOB_READ_WRITE_TOKEN=<your-vercel-blob-auth-token>\"}]}"',15,1764604738281,1764604738166);
INSERT INTO sections VALUES(85,'text',3,0,'"{\"text\":{\"type\":\"doc\",\"content\":[{\"type\":\"paragraph\",\"content\":[{\"type\":\"text\",\"text\":\"In order to use Vercel BLOB, you need to add the following to your next.config.ts file:\"}]}]}}"',15,1764604757610,1764604757490);
INSERT INTO sections VALUES(86,'code',4,0,'"{\"codes\":[{\"language\":\"ts\",\"filename\":\"next.config.ts\",\"code\":\"import type { NextConfig } from ''next''\\n\\nconst nextConfig: NextConfig = {\\n  cacheComponents: true,\\n  reactCompiler: true,\\n  images: {\\n    remotePatterns: [\\n      new URL(''https://<STORE_ID>.public.blob.vercel-storage.com/**''),\\n    ],\\n  },\\n}\\n\\nexport default nextConfig\"}]}"',15,1764604775884,1764604775768);
INSERT INTO sections VALUES(87,'snippet',2,0,'"{\"snippets\":[{\"title\":\"pnpm\",\"code\":\"pnpm dlx shadcn@latest add --overwrite https://headcodecms.com/r/storage-uploadthing.json\"},{\"title\":\"npm\",\"code\":\"npx shadcn@latest add --overwrite https://headcodecms.com/r/storage-uploadthing.json\"}]}"',16,1764605146286,1764605146174);
INSERT INTO sections VALUES(88,'text',3,0,'"{\"text\":{\"type\":\"doc\",\"content\":[{\"type\":\"paragraph\",\"content\":[{\"type\":\"text\",\"text\":\"It needs to overwrite \"},{\"type\":\"text\",\"marks\":[{\"type\":\"code\"}],\"text\":\"components/headcode/form/image-field.ts\"},{\"type\":\"text\",\"text\":\" to point to the Uploadthing field component. If the —overwrite does not work, you must manually change the reference to Uploadthing the \"},{\"type\":\"text\",\"marks\":[{\"type\":\"code\"}],\"text\":\"image-field.ts\"},{\"type\":\"text\",\"text\":\" file.\"}]},{\"type\":\"heading\",\"attrs\":{\"level\":2},\"content\":[{\"type\":\"text\",\"text\":\"Configuration\"}]},{\"type\":\"paragraph\",\"content\":[{\"type\":\"text\",\"text\":\"Configure the Uploadthing token in your environment file (e.g., .env.local):\"}]}]}}"',16,1764605177655,1764605177540);
INSERT INTO sections VALUES(89,'code',4,0,'"{\"codes\":[{\"language\":\"ts\",\"filename\":\"next.config.ts\",\"code\":\"UPLOADTHING_TOKEN=<your-uploadthing-token>\"}]}"',16,1764605225869,1764605225755);
INSERT INTO sections VALUES(90,'text',5,0,'"{\"text\":{\"type\":\"doc\",\"content\":[{\"type\":\"paragraph\",\"content\":[{\"type\":\"text\",\"text\":\"In order to use Uploadthing, you need to add the following to your next.config.ts file:\"}]}]}}"',16,1764605246599,1764605246483);
INSERT INTO sections VALUES(91,'code',6,0,'"{\"codes\":[{\"language\":\"ts\",\"filename\":\"next.config.ts\",\"code\":\"import type { NextConfig } from ''next''\\n\\nconst nextConfig: NextConfig = {\\n  cacheComponents: true,\\n  reactCompiler: true,\\n  images: {\\n    remotePatterns: [new URL(''https://<APP_ID>.ufs.sh/f/**'')],\\n  },\\n}\\n\\nexport default nextConfig\"}]}"',16,1764605259299,1764605259183);
INSERT INTO sections VALUES(92,'code',2,0,'"{\"codes\":[{\"language\":\"dotenv\",\"filename\":\".env.local\",\"code\":\"# Generate at: https://www.better-auth.com/docs/installation\\nBETTER_AUTH_SECRET=<better-auth-secret>\\nBETTER_AUTH_URL=http://localhost:3000\"}]}"',17,1764605490031,1764605489902);
INSERT INTO sections VALUES(93,'text',1,0,'"{\"text\":{\"type\":\"doc\",\"content\":[{\"type\":\"heading\",\"attrs\":{\"level\":2},\"content\":[{\"type\":\"text\",\"text\":\"Headcode CMS Admin / Website\"}]},{\"type\":\"paragraph\",\"content\":[{\"type\":\"text\",\"text\":\"Headcode CMS includes a simple admin interface. It combines UI components from \"},{\"type\":\"text\",\"marks\":[{\"type\":\"link\",\"attrs\":{\"href\":\"https://ui.shadcn.com/\",\"target\":\"_blank\",\"rel\":\"noopener noreferrer nofollow\",\"class\":null}}],\"text\":\"shadcn/ui\"},{\"type\":\"text\",\"text\":\" and \"},{\"type\":\"text\",\"marks\":[{\"type\":\"link\",\"attrs\":{\"href\":\"https://www.kibo-ui.com/\",\"target\":\"_blank\",\"rel\":\"noopener noreferrer nofollow\",\"class\":null}}],\"text\":\"Kibo UI\"},{\"type\":\"text\",\"text\":\" into flexible \"},{\"type\":\"text\",\"marks\":[{\"type\":\"link\",\"attrs\":{\"href\":\"https://tanstack.com/form/latest/docs/overview\",\"target\":\"_blank\",\"rel\":\"noopener noreferrer nofollow\",\"class\":null}}],\"text\":\"TanStack Forms\"},{\"type\":\"text\",\"text\":\", supporting both single fields and arrays.\"}]},{\"type\":\"paragraph\",\"content\":[{\"type\":\"text\",\"text\":\"This setup makes it easy to define content structures in code and edit them visually in the admin.\"}]},{\"type\":\"paragraph\",\"content\":[{\"type\":\"text\",\"text\":\"Here’s a small example showing how different components come together in the home section for this website:\"}]}]}}"',3,1764605691355,1764607238376);
INSERT INTO sections VALUES(94,'image',2,0,'"{\"image\":{\"src\":\"https://kgtqtevoofuen1xm.public.blob.vercel-storage.com/admin-section-SvX6Oq4sr7tTBBahIw05T4CZRAQuDu.png\",\"alt\":\"admin-section\",\"width\":1200,\"height\":903,\"blurDataURL\":\"data:image/png;base64,iVBORw0KGgoAAAANSUhEUgAAACAAAAAXCAYAAABqBU3hAAAMEElEQVR4AQCBAH7/ABMPDf8TDw3/Ew8N/xMPDf8TDw3/Ew8N/xMPDf8TDw3/Ew8N/xMPDf8TDw3/Ew8N/xMPDf8TDw3/Ew8N/xMPDf8TDw3/Ew8N/xMPDf8TDw3/Ew8N/xMPDf8TDw3/Ew8N/xMPDf8TDw3/Ew8N/xMPDf8TDw3/Ew8N/xMPDf8TDw3/AIEAfv8AEw8N/xMPDf8TDw3/Ew8N/xMPDf8TDw3/Ew8N/xMPDf8TDw3/Ew8N/xMPDf8TDw3/Ew8N/xMPDf8TDw3/Ew8N/xMPDf8TDw3/Ew8N/xMPDf8TDw3/Ew8N/xMPDf8TDw3/Ew8N/xMPDf8TDw3/Ew8N/xMPDf8TDw3/Ew8N/xMPDf8AgQB+/wATDw3/Ew8N/xMPDf8TDw3/Ew8N/xMPDf8TDw3/Ew8N/xMPDf8TDw3/Ew8N/xMPDf8TDw3/Ew8N/xMPDf8TDw3/Ew8N/xMPDf8TDw3/Ew8N/xMPDf8TDw3/Ew8N/xMPDf8TDw3/Ew8N/xMPDf8TDw3/Ew8N/xMPDf8TDw3/Ew8N/wCBAH7/ABMPDf8TDw3/Ew8N/xMPDf8TDw3/Ew8N/xMPDf8TDw3/Ew8N/xMPDf8TDw3/Ew8N/xMPDf8TDw3/Ew8N/xMPDf8TDw3/Ew8N/xMPDf8TDw3/Ew8N/xMPDf8TDw3/Ew8N/xMPDf8TDw3/Ew8N/xMPDf8TDw3/Ew8N/xMPDf8TDw3/AIEAfv8AEw8N/xMPDf8TDw3/Ew8N/xMPDf8TDw3/Ew8N/xMPDf8TDw3/Ew8N/xMPDf8TDw3/Ew8N/xMPDf8TDw3/Ew8N/xMPDf8TDw3/Ew8N/xMPDf8TDw3/Ew8N/xMPDf8TDw3/Ew8N/xMPDf8TDw3/Ew8N/xMPDf8TDw3/Ew8N/xMPDf8AgQB+/wATDw3/Ew8N/xMPDf8TDw3/Ew8N/xMPDf8TDw3/Ew8N/xMPDf8TDw3/Ew8N/xMPDf8TDw3/Ew8N/xMPDf8TDw3/Ew8N/xMPDf8TDw3/Ew8N/xMPDf8TDw3/Ew8N/xMPDf8TDw3/Ew8N/xMPDf8TDw3/Ew8N/xMPDf8TDw3/Ew8N/wCBAH7/ABMPDf8TDw3/Ew8N/xMPDf8TDw3/Ew8N/xMPDf8TDw3/Ew8N/xMPDf8TDw3/Ew8N/xMPDf8TDw3/Ew8N/xMPDf8TDw3/Ew8N/xMPDf8TDw3/Ew8N/xMPDf8TDw3/Ew8N/xMPDf8TDw3/Ew8N/xMPDf8TDw3/Ew8N/xMPDf8TDw3/AIEAfv8AEw8N/xMPDf8TDw3/Ew8N/xMPDf8TDw3/Ew8N/xMPDf8TDw3/Ew8N/xMPDf8TDw3/Ew8N/xMPDf8TDw3/Ew8N/xMPDf8TDw3/Ew8N/xMPDf8TDw3/Ew8N/xMPDf8TDw3/Ew8N/xMPDf8TDw3/Ew8N/xMPDf8TDw3/Ew8N/xMPDf8AgQB+/wATDw3/Ew8N/xMPDf8TDw3/Ew8N/xMPDf8TDw3/Ew8N/xMPDf8TDw3/Ew8N/xMPDf8TDw3/Ew8N/xMPDf8TDw3/Ew8N/xMPDf8TDw3/Ew8N/xMPDf8TDw3/Ew8N/xMPDf8TDw3/Ew8N/xMPDf8TDw3/Ew8N/xMPDf8TDw3/Ew8N/wCBAH7/ABMPDf8TDw3/Ew8N/xMPDf8TDw3/Ew8N/xMPDf8TDw3/Ew8N/xMPDf8TDw3/Ew8N/xMPDf8TDw3/Ew8N/xMPDf8TDw3/Ew8N/xMPDf8TDw3/Ew8N/xMPDf8TDw3/Ew8N/xMPDf8TDw3/Ew8N/xMPDf8TDw3/Ew8N/xMPDf8TDw3/AIEAfv8AEw8N/xMPDf8TDw3/Ew8N/xMPDf8TDw3/Ew8N/xMPDf8TDw3/Ew8N/xMPDf8TDw3/Ew8N/xMPDf8TDw3/Ew8N/xMPDf8TDw3/Ew8N/xMPDf8TDw3/Ew8N/xMPDf8TDw3/Ew8N/xMPDf8TDw3/Ew8N/xMPDf8TDw3/Ew8N/xMPDf8AgQB+/wATDw3/Ew8N/xMPDf8TDw3/Ew8N/xMPDf8TDw3/Ew8N/xMPDf8TDw3/Ew8N/xMPDf8TDw3/Ew8N/xMPDf8TDw3/Ew8N/xMPDf8TDw3/Ew8N/xMPDf8TDw3/Ew8N/xMPDf8TDw3/Ew8N/xMPDf8TDw3/Ew8N/xMPDf8TDw3/Ew8N/wCBAH7/ABMPDf8TDw3/Ew8N/xMPDf8TDw3/Ew8N/xMPDf8TDw3/Ew8N/xMPDf8TDw3/Ew8N/xMPDf8TDw3/Ew8N/xMPDf8TDw3/Ew8N/xMPDf8TDw3/Ew8N/xMPDf8TDw3/Ew8N/xMPDf8TDw3/Ew8N/xMPDf8TDw3/Ew8N/xMPDf8TDw3/AIEAfv8AEw8N/xMPDf8TDw3/Ew8N/xMPDf8TDw3/Ew8N/xMPDf8TDw3/Ew8N/xMPDf8TDw3/Ew8N/xMPDf8TDw3/Ew8N/xMPDf8TDw3/Ew8N/xMPDf8TDw3/Ew8N/xMPDf8TDw3/Ew8N/xMPDf8TDw3/Ew8N/xMPDf8TDw3/Ew8N/xMPDf8AgQB+/wATDw3/Ew8N/xMPDf8TDw3/Ew8N/xMPDf8TDw3/Ew8N/xMPDf8TDw3/Ew8N/xMPDf8TDw3/Ew8N/xMPDf8TDw3/Ew8N/xMPDf8TDw3/Ew8N/xMPDf8TDw3/Ew8N/xMPDf8TDw3/Ew8N/xMPDf8TDw3/Ew8N/xMPDf8TDw3/Ew8N/wCBAH7/ABMPDf8TDw3/Ew8N/xMPDf8TDw3/Ew8N/xMPDf8TDw3/Ew8N/xMPDf8TDw3/Ew8N/xMPDf8TDw3/Ew8N/xMPDf8TDw3/Ew8N/xMPDf8TDw3/Ew8N/xMPDf8TDw3/Ew8N/xMPDf8TDw3/Ew8N/xMPDf8TDw3/Ew8N/xMPDf8TDw3/AIEAfv8AEw8N/xMPDf8TDw3/Ew8N/xMPDf8TDw3/Ew8N/xMPDf8TDw3/Ew8N/xMPDf8TDw3/Ew8N/xMPDf8TDw3/Ew8N/xMPDf8TDw3/Ew8N/xMPDf8TDw3/Ew8N/xMPDf8TDw3/Ew8N/xMPDf8TDw3/Ew8N/xMPDf8TDw3/Ew8N/xMPDf8AgQB+/wATDw3/Ew8N/xMPDf8TDw3/Ew8N/xMPDf8TDw3/Ew8N/xMPDf8TDw3/Ew8N/xMPDf8TDw3/Ew8N/xMPDf8TDw3/Ew8N/xMPDf8TDw3/Ew8N/xMPDf8TDw3/Ew8N/xMPDf8TDw3/Ew8N/xMPDf8TDw3/Ew8N/xMPDf8TDw3/Ew8N/wCBAH7/ABMPDf8TDw3/Ew8N/xMPDf8TDw3/Ew8N/xMPDf8TDw3/Ew8N/xMPDf8TDw3/Ew8N/xMPDf8TDw3/Ew8N/xMPDf8TDw3/Ew8N/xMPDf8TDw3/Ew8N/xMPDf8TDw3/Ew8N/xMPDf8TDw3/Ew8N/xMPDf8TDw3/Ew8N/xMPDf8TDw3/AIEAfv8AEw8N/xMPDf8TDw3/Ew8N/xMPDf8TDw3/Ew8N/xMPDf8TDw3/Ew8N/xMPDf8TDw3/Ew8N/xMPDf8TDw3/Ew8N/xMPDf8TDw3/Ew8N/xMPDf8TDw3/Ew8N/xMPDf8TDw3/Ew8N/xMPDf8TDw3/Ew8N/xMPDf8TDw3/Ew8N/xMPDf8AgQB+/wATDw3/Ew8N/xMPDf8TDw3/Ew8N/xMPDf8TDw3/Ew8N/xMPDf8TDw3/Ew8N/xMPDf8TDw3/Ew8N/xMPDf8TDw3/Ew8N/xMPDf8TDw3/Ew8N/xMPDf8TDw3/Ew8N/xMPDf8TDw3/Ew8N/xMPDf8TDw3/Ew8N/xMPDf8TDw3/Ew8N/wCBAH7/ABMPDf8TDw3/Ew8N/xMPDf8TDw3/Ew8N/xMPDf8TDw3/Ew8N/xMPDf8TDw3/Ew8N/xMPDf8TDw3/Ew8N/xMPDf8TDw3/Ew8N/xMPDf8TDw3/Ew8N/xMPDf8TDw3/Ew8N/xMPDf8TDw3/Ew8N/xMPDf8TDw3/Ew8N/xMPDf8TDw3/AYEAfv8AEw8N/xMPDf8TDw3/Ew8N/xMPDf8TDw3/Ew8N/xMPDf8TDw3/Ew8N/xMPDf8TDw3/Ew8N/xMPDf8TDw3/Ew8N/xMPDf8TDw3/Ew8N/xMPDf8TDw3/Ew8N/xMPDf8TDw3/Ew8N/xMPDf8TDw3/Ew8N/xMPDf8TDw3/Ew8N/xMPDf+sM2RuZR31dwAAAABJRU5ErkJggg==\",\"name\":\"admin-section.png\",\"type\":\"image/png\",\"size\":151670}}"',3,1764605818674,1764607238501);
INSERT INTO sections VALUES(95,'code',3,0,'"{\"codes\":[{\"language\":\"tsx\",\"filename\":\"hero.tsx\",\"code\":\"export const heroSection = {\\n  name: ''hero'',\\n  label: ''Hero Section'',\\n  fields: {\\n    title: TextField({\\n      label: ''Title'',\\n    }),\\n    subtitle: TextareaField({\\n      label: ''Subtitle'',\\n    }),\\n    primaryButton: LinkField({\\n      label: ''Primary Button'',\\n    }),\\n  } satisfies Fields,\\n}\\nexport type HeroData = InferSectionData<typeof heroSection.fields>\\n\\nexport function Hero({ sectionData }) {\\n  const { data } = parseSectionData(heroSection.fields, sectionData)\\n\\n  return (\\n    <div>\\n      <h1>{data.title}</h1>\\n      <p>{data.subtitle}</p>\\n      <Button href={data.primaryButton.url}>\\n        {data.primaryButton.title}\\n      </Button>\\n    </div>\\n  )\\n}\"}]}"',3,1764606504665,1764607238614);
INSERT INTO sections VALUES(98,'docs-meta',0,1,'"{\"title\":\"Textarea Field\",\"group\":\"fields\",\"order\":\"200\"}"',21,1764656552468,1764656552056);
INSERT INTO sections VALUES(99,'text',1,0,'"{\"text\":{\"type\":\"doc\",\"content\":[{\"type\":\"heading\",\"attrs\":{\"level\":1},\"content\":[{\"type\":\"text\",\"text\":\"Textarea\"}]},{\"type\":\"paragraph\",\"content\":[{\"type\":\"text\",\"text\":\"The Textarea Field provides a multi‑line text input for longer content. It uses the Textarea component from shadcn/ui.\"}]},{\"type\":\"heading\",\"attrs\":{\"level\":2},\"content\":[{\"type\":\"text\",\"text\":\"Installation\"}]},{\"type\":\"paragraph\",\"content\":[{\"type\":\"text\",\"text\":\"Included in Headcode CMS Starter, no setup needed.\"}]},{\"type\":\"heading\",\"attrs\":{\"level\":2},\"content\":[{\"type\":\"text\",\"text\":\"Usage\"}]},{\"type\":\"paragraph\"}]}}"',21,1764656572401,1764656572253);
INSERT INTO sections VALUES(100,'code',2,0,'"{\"codes\":[{\"language\":\"tsx\",\"filename\":\"hero.tsx\",\"code\":\"export const heroSection = {\\n  name: ''hero'',\\n  label: ''Hero Section'',\\n  fields: {\\n    subtitle: TextareaField({\\n      label: ''Subtitle'',\\n    }),\\n  },\\n};\"}]}"',21,1764666824601,1764666824465);
INSERT INTO sections VALUES(101,'text',3,0,'"{\"text\":{\"type\":\"doc\",\"content\":[{\"type\":\"heading\",\"attrs\":{\"level\":2},\"content\":[{\"type\":\"text\",\"text\":\"Options\"}]},{\"type\":\"paragraph\"}]}}"',21,1764666852696,1764666852568);
INSERT INTO sections VALUES(102,'code',4,0,'"{\"codes\":[{\"language\":\"tsx\",\"filename\":\"hero.tsx\",\"code\":\"export const heroSection = {\\n  name: ''hero'',\\n  label: ''Hero Section'',\\n  fields: {\\n    subtitle: TextareaField({\\n      label: ''Description'',\\n      defaultValue: ''Write something...'',\\n      validator: z.string().min(10),\\n    });\\n  },\\n};\"}]}"',21,1764666877148,1764666877014);
INSERT INTO sections VALUES(103,'docs-meta',0,1,'"{\"title\":\"Checkbox\",\"group\":\"fields\",\"order\":\"300\"}"',22,1764667533277,1764667532690);
INSERT INTO sections VALUES(104,'text',1,0,'"{\"text\":{\"type\":\"doc\",\"content\":[{\"type\":\"heading\",\"attrs\":{\"level\":1},\"content\":[{\"type\":\"text\",\"text\":\"Checkbox\"}]},{\"type\":\"paragraph\",\"content\":[{\"type\":\"text\",\"text\":\"The Checkbox Field represents a boolean (true/false) value.\"}]},{\"type\":\"paragraph\",\"content\":[{\"type\":\"text\",\"text\":\"It uses the \"},{\"type\":\"text\",\"marks\":[{\"type\":\"link\",\"attrs\":{\"href\":\"https://ui.shadcn.com/docs/components/checkbox\",\"target\":\"_blank\",\"rel\":\"noopener noreferrer nofollow\",\"class\":null}}],\"text\":\"Checkbox\"},{\"type\":\"text\",\"text\":\" from shadcn/ui.\"}]},{\"type\":\"heading\",\"attrs\":{\"level\":2},\"content\":[{\"type\":\"text\",\"text\":\"Installation\"}]},{\"type\":\"paragraph\",\"content\":[{\"type\":\"text\",\"text\":\"Included in Headcode CMS Starter, no setup needed.\"}]},{\"type\":\"heading\",\"attrs\":{\"level\":2},\"content\":[{\"type\":\"text\",\"text\":\"Usage\"}]},{\"type\":\"paragraph\"}]}}"',22,1764667554942,1764667554805);
INSERT INTO sections VALUES(105,'code',2,0,'"{\"codes\":[{\"language\":\"tsx\",\"filename\":\"settings.tsx\",\"code\":\"export const settingsSection = {\\n  name: ''settings'',\\n  label: ''Settings'',\\n  fields: {\\n    showBanner: CheckboxField({\\n      label: ''Show banner on homepage'',\\n    }),\\n  },\\n};\"}]}"',22,1764667609425,1764667609282);
INSERT INTO sections VALUES(106,'text',3,0,'"{\"text\":{\"type\":\"doc\",\"content\":[{\"type\":\"heading\",\"attrs\":{\"level\":2},\"content\":[{\"type\":\"text\",\"text\":\"Options\"}]},{\"type\":\"paragraph\"}]}}"',22,1764667641619,1764667641481);
INSERT INTO sections VALUES(107,'code',4,0,'"{\"codes\":[{\"language\":\"tsx\",\"filename\":\"checkbox.tsx\",\"code\":\"CheckboxField({\\n  label: ''Visible'',\\n  defaultValue: true,\\n});\"}]}"',22,1764667658134,1764667658002);
INSERT INTO sections VALUES(108,'docs-meta',0,1,'"{\"title\":\"Date Picker\",\"group\":\"fields\",\"order\":\"400\"}"',23,1764667723830,1764667723393);
INSERT INTO sections VALUES(109,'text',1,0,'"{\"text\":{\"type\":\"doc\",\"content\":[{\"type\":\"heading\",\"attrs\":{\"level\":1},\"content\":[{\"type\":\"text\",\"text\":\"Date Picker\"}]},{\"type\":\"paragraph\",\"content\":[{\"type\":\"text\",\"text\":\"The Date Picker Field allows selecting a date or date range.\"}]},{\"type\":\"paragraph\",\"content\":[{\"type\":\"text\",\"text\":\"It can use a custom or shadcn/ui‑based \"},{\"type\":\"text\",\"marks\":[{\"type\":\"link\",\"attrs\":{\"href\":\"https://ui.shadcn.com/docs/components/date-picker\",\"target\":\"_blank\",\"rel\":\"noopener noreferrer nofollow\",\"class\":null}}],\"text\":\"date picker\"},{\"type\":\"text\",\"text\":\" component.\"}]},{\"type\":\"heading\",\"attrs\":{\"level\":2},\"content\":[{\"type\":\"text\",\"text\":\"Installation\"}]},{\"type\":\"paragraph\",\"content\":[{\"type\":\"text\",\"text\":\"Included in Headcode CMS Starter, no setup needed.\"}]},{\"type\":\"heading\",\"attrs\":{\"level\":2},\"content\":[{\"type\":\"text\",\"text\":\"Usage\"}]},{\"type\":\"paragraph\"}]}}"',23,1764667742107,1764667741989);
INSERT INTO sections VALUES(110,'code',2,0,'"{\"codes\":[{\"language\":\"tsx\",\"filename\":\"eventSection.tsx\",\"code\":\"export const eventSection = {\\n  name: ''event'',\\n  label: ''Event Details'',\\n  fields: {\\n    date: DatePickerField({\\n      label: ''Event Date'',\\n    }),\\n  },\\n};\"}]}"',23,1764667800938,1764667800814);
INSERT INTO sections VALUES(111,'text',3,0,'"{\"text\":{\"type\":\"doc\",\"content\":[{\"type\":\"heading\",\"attrs\":{\"level\":2},\"content\":[{\"type\":\"text\",\"text\":\"Options\"}]},{\"type\":\"paragraph\"}]}}"',23,1764667871325,1764667871207);
INSERT INTO sections VALUES(112,'code',4,0,'"{\"codes\":[{\"language\":\"tsx\",\"filename\":\"eventSection.tsx\",\"code\":\"DatePickerField({\\n  label: ''Date'',\\n  validator: z.date().min(Date.now),\\n});\"}]}"',23,1764667886915,1764667886793);
INSERT INTO sections VALUES(113,'docs-meta',0,1,'"{\"title\":\"Editor\",\"group\":\"fields\",\"order\":\"600\"}"',24,1764668031899,1764668031411);
INSERT INTO sections VALUES(114,'text',1,0,'"{\"text\":{\"type\":\"doc\",\"content\":[{\"type\":\"heading\",\"attrs\":{\"level\":1},\"content\":[{\"type\":\"text\",\"text\":\"Editor\"}]},{\"type\":\"paragraph\",\"content\":[{\"type\":\"text\",\"text\":\"The Editor Field provides a full rich text (WYSIWYG) from \"},{\"type\":\"text\",\"marks\":[{\"type\":\"link\",\"attrs\":{\"href\":\"https://www.kibo-ui.com/components/editor\",\"target\":\"_blank\",\"rel\":\"noopener noreferrer nofollow\",\"class\":null}}],\"text\":\"Kibo UI\"},{\"type\":\"text\",\"text\":\" based on \"},{\"type\":\"text\",\"marks\":[{\"type\":\"link\",\"attrs\":{\"href\":\"https://tiptap.dev/\",\"target\":\"_blank\",\"rel\":\"noopener noreferrer nofollow\",\"class\":null}}],\"text\":\"TipTap\"},{\"type\":\"text\",\"text\":\". Used for formatted content like articles, blog posts, and descriptions.\"}]},{\"type\":\"heading\",\"attrs\":{\"level\":2},\"content\":[{\"type\":\"text\",\"text\":\"Installation\"}]},{\"type\":\"paragraph\",\"content\":[{\"type\":\"text\",\"text\":\"Included in Headcode CMS Starter, no setup needed.\"}]},{\"type\":\"heading\",\"attrs\":{\"level\":2},\"content\":[{\"type\":\"text\",\"text\":\"Usage\"}]},{\"type\":\"paragraph\"}]}}"',24,1764668049422,1764668049298);
INSERT INTO sections VALUES(115,'code',2,0,'"{\"codes\":[{\"language\":\"tsx\",\"filename\":\"textSection.tsx\",\"code\":\"export const textSection = {\\n  name: ''text'',\\n  label: ''Rich Text'',\\n  fields: {\\n    content: EditorField({\\n      label: ''Content'',\\n    }),\\n  },\\n};\"}]}"',24,1764668170139,1764668170023);
INSERT INTO sections VALUES(116,'text',3,0,'"{\"text\":{\"type\":\"doc\",\"content\":[{\"type\":\"heading\",\"attrs\":{\"level\":2},\"content\":[{\"type\":\"text\",\"text\":\"Options\"}]},{\"type\":\"paragraph\"}]}}"',24,1764670858764,1764670858693);
INSERT INTO sections VALUES(117,'code',4,0,'"{\"codes\":[{\"language\":\"tsx\",\"filename\":\"textSection.tsx\",\"code\":\"EditorField({\\n  label: ''Body Content'',\\n  defaultValue: {\\n    type: ''doc'',\\n    content: [\\n      {\\n        type: ''paragraph'',\\n        content: [\\n          {\\n            type: ''text'',\\n            text: ''Lorem ipsum dolor sit amet...'',\\n          },\\n        ],\\n      },\\n    ],\\n  },\\n});\"}]}"',24,1764670872507,1764670872437);
INSERT INTO sections VALUES(118,'docs-meta',0,1,'"{\"title\":\"Image\",\"group\":\"fields\",\"order\":\"700\"}"',25,1764671013181,1764671012794);
INSERT INTO sections VALUES(119,'text',1,0,'"{\"text\":{\"type\":\"doc\",\"content\":[{\"type\":\"heading\",\"attrs\":{\"level\":1},\"content\":[{\"type\":\"text\",\"text\":\"Image\"}]},{\"type\":\"paragraph\",\"content\":[{\"type\":\"text\",\"text\":\"The Image Field lets you upload or reference an image file stored in configured storage (local or cloud).\"}]},{\"type\":\"heading\",\"attrs\":{\"level\":2},\"content\":[{\"type\":\"text\",\"text\":\"Installation\"}]},{\"type\":\"paragraph\",\"content\":[{\"type\":\"text\",\"text\":\"Included in Headcode CMS Starter, no setup needed.\"}]},{\"type\":\"heading\",\"attrs\":{\"level\":2},\"content\":[{\"type\":\"text\",\"text\":\"Usage\"}]},{\"type\":\"paragraph\"}]}}"',25,1764671031623,1764671031550);
INSERT INTO sections VALUES(120,'code',2,0,'"{\"codes\":[{\"language\":\"tsx\",\"filename\":\"imageSection.tsx\",\"code\":\"export const imageSection = {\\n  name: ''image'',\\n  label: ''Image Section'',\\n  fields: {\\n    image: ImageField({\\n      label: ''Main Image'',\\n    }),\\n  },\\n};\"}]}"',25,1764671060050,1764671059741);
INSERT INTO sections VALUES(121,'text',3,0,'"{\"text\":{\"type\":\"doc\",\"content\":[{\"type\":\"heading\",\"attrs\":{\"level\":2},\"content\":[{\"type\":\"text\",\"text\":\"Options\"}]},{\"type\":\"paragraph\"}]}}"',25,1764671081544,1764671081474);
INSERT INTO sections VALUES(122,'code',4,0,'"{\"codes\":[{\"language\":\"tsx\",\"filename\":\"imageSection.tsx\",\"code\":\"ImageField({\\n  label: ''Image'',\\n  options: {\\n    accept: { ''image/*'': [] },\\n    maxSize: 1024 * 1024 * 10,\\n    minSize: 1024,\\n  },\\n});\"}]}"',25,1764671094289,1764671094214);
INSERT INTO sections VALUES(123,'docs-meta',0,1,'"{\"title\":\"Link\",\"group\":\"fields\",\"order\":\"800\"}"',26,1764671235249,1764671234947);
INSERT INTO sections VALUES(124,'text',1,0,'"{\"text\":{\"type\":\"doc\",\"content\":[{\"type\":\"heading\",\"attrs\":{\"level\":1},\"content\":[{\"type\":\"text\",\"text\":\"Link\"}]},{\"type\":\"paragraph\",\"content\":[{\"type\":\"text\",\"text\":\"The Link Field stores a URL and label pair. Used for buttons, navigation links, or external references.\"}]},{\"type\":\"heading\",\"attrs\":{\"level\":2},\"content\":[{\"type\":\"text\",\"text\":\"Installation\"}]},{\"type\":\"paragraph\",\"content\":[{\"type\":\"text\",\"text\":\"Included in Headcode CMS Starter, no setup needed.\"}]},{\"type\":\"heading\",\"attrs\":{\"level\":2},\"content\":[{\"type\":\"text\",\"text\":\"Usage\"}]},{\"type\":\"paragraph\"}]}}"',26,1764671249557,1764671249486);
INSERT INTO sections VALUES(125,'code',2,0,'"{\"codes\":[{\"language\":\"tsx\",\"filename\":\"heroSection.tsx\",\"code\":\"export const heroSection = {\\n  name: ''hero'',\\n  label: ''Hero Section'',\\n  fields: {\\n    primaryButton: LinkField({\\n      label: ''Primary Button'',\\n    }),\\n  },\\n};\"}]}"',26,1764671281144,1764671281073);
INSERT INTO sections VALUES(126,'text',3,0,'"{\"text\":{\"type\":\"doc\",\"content\":[{\"type\":\"heading\",\"attrs\":{\"level\":2},\"content\":[{\"type\":\"text\",\"text\":\"Options\"}]},{\"type\":\"paragraph\"}]}}"',26,1764671310661,1764671310586);
INSERT INTO sections VALUES(127,'code',4,0,'"{\"codes\":[{\"language\":\"tsx\",\"filename\":\"heroSection.tsx\",\"code\":\"LinkField({\\n  label: ''Learn more link'',\\n  defaultValue: {\\n    title: ''Get Started'',\\n    url: ''/docs'',\\n    openInNewWindow: false,\\n  },\\n  validator: z.object({\\n    title: z.string().min(5),\\n    url: z.string(),\\n    // url: z.url(),\\n    openInNewWindow: z.boolean().default(false),\\n  }),\\n});\"}]}"',26,1764671326878,1764671326804);
INSERT INTO sections VALUES(128,'docs-meta',0,1,'"{\"title\":\"Radio Group\",\"group\":\"fields\",\"order\":\"900\"}"',27,1764671520903,1764671520442);
INSERT INTO sections VALUES(129,'text',1,0,'"{\"text\":{\"type\":\"doc\",\"content\":[{\"type\":\"heading\",\"attrs\":{\"level\":1},\"content\":[{\"type\":\"text\",\"text\":\"Radio Group\"}]},{\"type\":\"paragraph\",\"content\":[{\"type\":\"text\",\"text\":\"The Radio Group Field allows selecting one value from multiple options. It uses the \"},{\"type\":\"text\",\"marks\":[{\"type\":\"link\",\"attrs\":{\"href\":\"https://ui.shadcn.com/docs/components/radio-group\",\"target\":\"_blank\",\"rel\":\"noopener noreferrer nofollow\",\"class\":null}}],\"text\":\"Radio Group\"},{\"type\":\"text\",\"text\":\" component from shadcn/ui.\"}]},{\"type\":\"heading\",\"attrs\":{\"level\":2},\"content\":[{\"type\":\"text\",\"text\":\"Installation\"}]},{\"type\":\"paragraph\",\"content\":[{\"type\":\"text\",\"text\":\"Included in Headcode CMS Starter, no setup needed.\"}]},{\"type\":\"heading\",\"attrs\":{\"level\":2},\"content\":[{\"type\":\"text\",\"text\":\"Usage\"}]},{\"type\":\"paragraph\"}]}}"',27,1764671536686,1764671536618);
INSERT INTO sections VALUES(130,'code',2,0,'"{\"codes\":[{\"language\":\"tsx\",\"filename\":\"styleSection.tsx\",\"code\":\"export const styleSection = {\\n  name: ''style'',\\n  label: ''Styling Options'',\\n  fields: {\\n    alignment: RadioGroupField({\\n      label: ''Alignment'',\\n      defaultValue: ''center'',\\n      options: [\\n        { label: ''Left'', value: ''left'' },\\n        { label: ''Center'', value: ''center'' },\\n        { label: ''Right'', value: ''right'' },\\n      ],\\n    }),\\n  },\\n};\"}]}"',27,1764671654708,1764671654637);
INSERT INTO sections VALUES(131,'docs-meta',0,1,'"{\"title\":\"Select\",\"group\":\"fields\",\"order\":\"920\"}"',28,1764671868711,1764671868384);
INSERT INTO sections VALUES(132,'text',1,0,'"{\"text\":{\"type\":\"doc\",\"content\":[{\"type\":\"heading\",\"attrs\":{\"level\":1},\"content\":[{\"type\":\"text\",\"text\":\"Select\"}]},{\"type\":\"paragraph\",\"content\":[{\"type\":\"text\",\"text\":\"The Select Field provides a dropdown with one or more options. It uses the \"},{\"type\":\"text\",\"marks\":[{\"type\":\"link\",\"attrs\":{\"href\":\"https://ui.shadcn.com/docs/components/select\",\"target\":\"_blank\",\"rel\":\"noopener noreferrer nofollow\",\"class\":null}}],\"text\":\"Select\"},{\"type\":\"text\",\"text\":\" component from shadcn/ui.\"}]},{\"type\":\"heading\",\"attrs\":{\"level\":2},\"content\":[{\"type\":\"text\",\"text\":\"Installation\"}]},{\"type\":\"paragraph\",\"content\":[{\"type\":\"text\",\"text\":\"Included in Headcode CMS Starter, no setup needed.\"}]},{\"type\":\"heading\",\"attrs\":{\"level\":2},\"content\":[{\"type\":\"text\",\"text\":\"Usage\"}]},{\"type\":\"paragraph\"}]}}"',28,1764671880637,1764671880569);
INSERT INTO sections VALUES(133,'code',2,0,'"{\"codes\":[{\"language\":\"tsx\",\"filename\":\"productSection.tsx\",\"code\":\"export const productSection = {\\n  name: ''product'',\\n  label: ''Product'',\\n  fields: {\\n    size: SelectField({\\n      label: ''Size'',\\n      defaultValue: ''m'',\\n      options: [\\n        { label: ''Small'', value: ''s'' },\\n        { label: ''Medium'', value: ''m'' },\\n        { label: ''Large'', value: ''l'' },\\n      ],\\n    }),\\n  },\\n};\"}]}"',28,1764671932499,1764671932433);
INSERT INTO sections VALUES(134,'docs-meta',0,1,'"{\"title\":\"Switch\",\"group\":\"fields\",\"order\":\"950\"}"',29,1764672025397,1764672025103);
INSERT INTO sections VALUES(135,'text',1,0,'"{\"text\":{\"type\":\"doc\",\"content\":[{\"type\":\"heading\",\"attrs\":{\"level\":1},\"content\":[{\"type\":\"text\",\"text\":\"Switch\"}]},{\"type\":\"paragraph\",\"content\":[{\"type\":\"text\",\"text\":\"The Switch Field represents a true/false toggle option. It uses the \"},{\"type\":\"text\",\"marks\":[{\"type\":\"link\",\"attrs\":{\"href\":\"https://ui.shadcn.com/docs/components/switch\",\"target\":\"_blank\",\"rel\":\"noopener noreferrer nofollow\",\"class\":null}}],\"text\":\"Switch\"},{\"type\":\"text\",\"text\":\" from shadcn/ui.\"}]},{\"type\":\"heading\",\"attrs\":{\"level\":2},\"content\":[{\"type\":\"text\",\"text\":\"Installation\"}]},{\"type\":\"paragraph\",\"content\":[{\"type\":\"text\",\"text\":\"Included in Headcode CMS Starter, no setup needed.\"}]},{\"type\":\"heading\",\"attrs\":{\"level\":2},\"content\":[{\"type\":\"text\",\"text\":\"Usage\"}]},{\"type\":\"paragraph\"}]}}"',29,1764672039946,1764672039874);
INSERT INTO sections VALUES(136,'code',2,0,'"{\"codes\":[{\"language\":\"tsx\",\"filename\":\"featureSection.tsx\",\"code\":\"export const featureSection = {\\n  name: ''feature'',\\n  label: ''Feature Toggle'',\\n  fields: {\\n    enabled: SwitchField({\\n      label: ''Enabled'',\\n      defaultValue: true,\\n    }),\\n  },\\n};\"}]}"',29,1764672086156,1764672086088);
INSERT INTO sections VALUES(137,'docs-meta',0,1,'"{\"title\":\"Build Your Own\",\"group\":\"fields\",\"order\":\"960\"}"',30,1764672415355,1764672415038);
INSERT INTO sections VALUES(138,'text',1,0,'"{\"text\":{\"type\":\"doc\",\"content\":[{\"type\":\"heading\",\"attrs\":{\"level\":1},\"content\":[{\"type\":\"text\",\"text\":\"Build Your Own Fields\"}]},{\"type\":\"paragraph\",\"content\":[{\"type\":\"text\",\"text\":\"You can create your own fields for your website project, either for personal use or to share it privately or publicly with others.\"}]},{\"type\":\"paragraph\",\"content\":[{\"type\":\"text\",\"text\":\"To get started, check some of the existing fields in Headcode CMS — like TextField, TextareaField, or ImageField — and use them as inspiration for your own custom fields.\"}]},{\"type\":\"paragraph\",\"content\":[{\"type\":\"text\",\"text\":\"Custom fields allow you to extend Headcode CMS with your own input types, validations, and admin UI components.\"}]},{\"type\":\"heading\",\"attrs\":{\"level\":2},\"content\":[{\"type\":\"text\",\"text\":\"Structure\"}]},{\"type\":\"paragraph\",\"content\":[{\"type\":\"text\",\"text\":\"Each field consists of two parts:\"}]},{\"type\":\"bulletList\",\"content\":[{\"type\":\"listItem\",\"content\":[{\"type\":\"paragraph\",\"content\":[{\"type\":\"text\",\"text\":\"Field definition: defines the structure, type, and validation (e.g., text-field.ts)\"}]}]},{\"type\":\"listItem\",\"content\":[{\"type\":\"paragraph\",\"content\":[{\"type\":\"text\",\"text\":\"Field component: defines how the field is rendered and edited inside the Headcode Admin (e.g., text-field-component.tsx)\"}]}]}]},{\"type\":\"heading\",\"attrs\":{\"level\":2},\"content\":[{\"type\":\"text\",\"text\":\"Examples\"}]},{\"type\":\"paragraph\"}]}}"',30,1764672433813,1764672433727);
INSERT INTO sections VALUES(139,'code',2,0,'"{\"codes\":[{\"language\":\"ts\",\"filename\":\"text-field.ts\",\"code\":\"import { lazy } from ''react''\\nimport { z } from ''zod''\\nimport type { FieldProps } from ''@/lib/headcode/types''\\n\\nconst DefaultTextField: FieldProps<string, unknown> = {\\n  label: ''Text Field'',\\n  component: lazy(() => import(''./text-field-component'')),\\n  defaultValue: '''',\\n  validator: z.string(),\\n}\\nexport const TextField = (params: Partial<FieldProps<string, unknown>>) => ({\\n  ...DefaultTextField,\\n  ...params,\\n})\"}]}"',30,1764672836049,1764672835975);
INSERT INTO sections VALUES(140,'code',3,0,'"{\"codes\":[{\"language\":\"tsx\",\"filename\":\"text-field-component.tsx\",\"code\":\"import {\\n  Field,\\n  FieldDescription,\\n  FieldError,\\n  FieldLabel,\\n} from ''@/components/ui/field''\\nimport { Input } from ''@/components/ui/input''\\nimport { useFieldContext } from ''./app-form''\\n\\nexport default function TextFieldComponent({\\n  label,\\n  description,\\n}: {\\n  label: string\\n  description?: string | undefined\\n}) {\\n  const field = useFieldContext<string>()\\n  const isInvalid = field.state.meta.isTouched && !field.state.meta.isValid\\n  return (\\n    <Field data-invalid={isInvalid}>\\n      <FieldLabel htmlFor={field.name}>{label}</FieldLabel>\\n      <Input\\n        id={field.name}\\n        name={field.name}\\n        value={field.state.value}\\n        onBlur={field.handleBlur}\\n        onChange={(e) => field.handleChange(e.target.value)}\\n        aria-invalid={isInvalid}\\n        autoComplete=\\\"off\\\"\\n      />\\n      {description && <FieldDescription>{description}</FieldDescription>}\\n      {isInvalid && <FieldError errors={field.state.meta.errors} />}\\n    </Field>\\n  )\\n}\"}]}"',30,1764672961041,1764672960970);
INSERT INTO sections VALUES(141,'text',4,0,'"{\"text\":{\"type\":\"doc\",\"content\":[{\"type\":\"paragraph\",\"content\":[{\"type\":\"text\",\"text\":\"Note, that with \"},{\"type\":\"text\",\"marks\":[{\"type\":\"code\"}],\"text\":\"const field = useFieldContext<string>()\"},{\"type\":\"text\",\"text\":\" you get the TanStack field context.\"}]},{\"type\":\"paragraph\",\"content\":[{\"type\":\"text\",\"text\":\"The Link Field combines multiple fields into a new field type:\"}]}]}}"',30,1764672981174,1764672981102);
INSERT INTO sections VALUES(142,'code',5,0,'"{\"codes\":[{\"language\":\"ts\",\"filename\":\"link-field.ts\",\"code\":\"import { lazy, type ComponentType } from ''react''\\nimport { z } from ''zod''\\nimport type { FieldProps } from ''@/lib/headcode/types''\\n\\nexport type LinkValue = {\\n  title: string\\n  url: string\\n  openInNewWindow: boolean\\n}\\n\\nconst DefaultLinkField: FieldProps<LinkValue, unknown> = {\\n  label: ''Link Field'',\\n  component: lazy(() => import(''./link-field-component'')) as ComponentType<{\\n    label: string\\n    description?: string\\n    options?: unknown\\n  }>,\\n  defaultValue: {\\n    title: '''',\\n    url: '''',\\n    openInNewWindow: false,\\n  },\\n  validator: z.object({\\n    title: z.string(),\\n    url: z.string(),\\n    openInNewWindow: z.boolean().default(false),\\n  }),\\n}\\nexport const LinkField = (params: Partial<FieldProps<LinkValue, unknown>>) => ({\\n  ...DefaultLinkField,\\n  ...params,\\n})\"}]}"',30,1764673117268,1764673117187);
INSERT INTO sections VALUES(143,'code',6,0,'"{\"codes\":[{\"language\":\"tsx\",\"filename\":\"link-field-component.tsx\",\"code\":\"import {\\n  Field,\\n  FieldDescription,\\n  FieldError,\\n  FieldLabel,\\n} from ''@/components/ui/field''\\nimport { Input } from ''@/components/ui/input''\\nimport { Checkbox } from ''@/components/ui/checkbox''\\nimport { useFieldContext } from ''./app-form''\\nimport type { LinkValue } from ''./link-field''\\n\\nexport default function LinkFieldComponent({\\n  label,\\n  description,\\n}: {\\n  label: string\\n  description?: string | undefined\\n}) {\\n  const field = useFieldContext<LinkValue>()\\n  const isInvalid = field.state.meta.isTouched && !field.state.meta.isValid\\n  const value = field.state.value || {\\n    title: '''',\\n    url: '''',\\n    openInNewWindow: false,\\n  }\\n\\n  const handleTitleChange = (title: string) => {\\n    field.handleChange({\\n      ...value,\\n      title,\\n    })\\n  }\\n\\n  const handleUrlChange = (url: string) => {\\n    field.handleChange({\\n      ...value,\\n      url,\\n    })\\n  }\\n\\n  const handleOpenInNewWindowChange = (openInNewWindow: boolean) => {\\n    field.handleChange({\\n      ...value,\\n      openInNewWindow,\\n    })\\n  }\\n\\n  return (\\n    <Field data-invalid={isInvalid}>\\n      {isInvalid && <FieldError errors={field.state.meta.errors} />}\\n      <div className=\\\"space-y-4\\\">\\n        <div className=\\\"flex flex-col gap-4 md:flex-row md:gap-4\\\">\\n          <div className=\\\"flex-1\\\">\\n            <FieldLabel htmlFor={`${field.name}-title`} className=\\\"text-sm\\\">\\n              {label}\\n            </FieldLabel>\\n            <Input\\n              id={`${field.name}-title`}\\n              name={`${field.name}.title`}\\n              value={value.title}\\n              onBlur={field.handleBlur}\\n              onChange={(e) => handleTitleChange(e.target.value)}\\n              aria-invalid={isInvalid}\\n              autoComplete=\\\"off\\\"\\n              className=\\\"mt-1\\\"\\n            />\\n          </div>\\n          <div className=\\\"flex-1\\\">\\n            <FieldLabel htmlFor={`${field.name}-url`} className=\\\"text-sm\\\">\\n              URL\\n            </FieldLabel>\\n            <Input\\n              id={`${field.name}-url`}\\n              name={`${field.name}.url`}\\n              value={value.url}\\n              onBlur={field.handleBlur}\\n              onChange={(e) => handleUrlChange(e.target.value)}\\n              aria-invalid={isInvalid}\\n              autoComplete=\\\"off\\\"\\n              className=\\\"mt-1\\\"\\n            />\\n          </div>\\n        </div>\\n        <div className=\\\"flex items-center gap-2\\\">\\n          <Checkbox\\n            id={`${field.name}-openInNewWindow`}\\n            name={`${field.name}.openInNewWindow`}\\n            checked={value.openInNewWindow}\\n            onCheckedChange={(checked) =>\\n              handleOpenInNewWindowChange(checked === true)\\n            }\\n            onBlur={field.handleBlur}\\n            aria-invalid={isInvalid}\\n          />\\n          <FieldLabel\\n            htmlFor={`${field.name}-openInNewWindow`}\\n            className=\\\"cursor-pointer text-sm font-normal\\\"\\n          >\\n            Open in new window\\n          </FieldLabel>\\n        </div>\\n      </div>\\n      {description && <FieldDescription>{description}</FieldDescription>}\\n    </Field>\\n  )\\n}\"}]}"',30,1764673146848,1764673146771);
INSERT INTO sections VALUES(144,'text',7,0,'"{\"text\":{\"type\":\"doc\",\"content\":[{\"type\":\"paragraph\",\"content\":[{\"type\":\"text\",\"text\":\"Add the Uploadthing Dropzone styles to the \"},{\"type\":\"text\",\"marks\":[{\"type\":\"code\"}],\"text\":\"app/(headcode/headcode/globals.css\"},{\"type\":\"text\",\"text\":\" Tailwind CSS file:\"}]}]}}"',16,1764682544341,1764682544192);
INSERT INTO sections VALUES(145,'code',8,0,'"{\"codes\":[{\"language\":\"css\",\"filename\":\"app/(headcode)/headcode/globals.css\",\"code\":\"@import \\\"tailwindcss\\\";\\n@import \\\"tw-animate-css\\\";\\n@import \\\"uploadthing/tw/v4\\\";\\n@source \\\"../../../node_modules/@uploadthing/react/dist\\\";\\n\\n...\"}]}"',16,1764682604694,1764682604548);
CREATE TABLE IF NOT EXISTS `session` (
	`id` text PRIMARY KEY NOT NULL,
	`expires_at` integer NOT NULL,
	`token` text NOT NULL,
	`created_at` integer DEFAULT (cast(unixepoch('subsecond') * 1000 as integer)) NOT NULL,
	`updated_at` integer NOT NULL,
	`ip_address` text,
	`user_agent` text,
	`user_id` text NOT NULL,
	`impersonated_by` text,
	FOREIGN KEY (`user_id`) REFERENCES `user`(`id`) ON UPDATE no action ON DELETE cascade
);
INSERT INTO session VALUES('OOp2KZvqIDckLEeGgSghastsHa16sGHt',1765261302989,'rWBmNjisQnORhc6mQJz5L0XaOpYwcWeE',1764170921806,1764656502989,'127.0.0.1','Mozilla/5.0 (Macintosh; Intel Mac OS X 10_15_7) AppleWebKit/537.36 (KHTML, like Gecko) Chrome/142.0.0.0 Safari/537.36','ctoeeJ9eatAupdFS1vG5FHgHai8hNiQW',NULL);
INSERT INTO session VALUES('zK61vkDq3CZEpuTnmIkt1r7QSt1XXqkN',1765286375728,'9sS2CNilOJrJ9wU6hXpq4LPUPYGwerAq',1764681575732,1764681575732,'127.0.0.1','Mozilla/5.0 (Macintosh; Intel Mac OS X 10_15_7) AppleWebKit/537.36 (KHTML, like Gecko) Chrome/142.0.0.0 Safari/537.36','ctoeeJ9eatAupdFS1vG5FHgHai8hNiQW',NULL);
INSERT INTO session VALUES('SN0n1WVazFBidFwyL4Zr3WI4cV3wPI5A',1765287247317,'PfRuRiSFroKwfeU3PTMMhcoXgrTHDc00',1764682447317,1764682447317,'127.0.0.1','Mozilla/5.0 (Macintosh; Intel Mac OS X 10_15_7) AppleWebKit/537.36 (KHTML, like Gecko) Chrome/142.0.0.0 Safari/537.36','ctoeeJ9eatAupdFS1vG5FHgHai8hNiQW',NULL);
CREATE TABLE IF NOT EXISTS `user` (
	`id` text PRIMARY KEY NOT NULL,
	`name` text NOT NULL,
	`email` text NOT NULL,
	`email_verified` integer DEFAULT false NOT NULL,
	`image` text,
	`created_at` integer DEFAULT (cast(unixepoch('subsecond') * 1000 as integer)) NOT NULL,
	`updated_at` integer DEFAULT (cast(unixepoch('subsecond') * 1000 as integer)) NOT NULL,
	`role` text,
	`banned` integer DEFAULT false,
	`ban_reason` text,
	`ban_expires` integer
);
INSERT INTO user VALUES('ctoeeJ9eatAupdFS1vG5FHgHai8hNiQW','markus@mext.at','markus@mext.at',0,NULL,1764170916741,1764170916741,'admin',0,NULL,NULL);
INSERT INTO user VALUES('XhMKcOe2MHh96Y88D8oUnlmrTxq3kOtY','markus@headcodecms.com','markus@headcodecms.com',0,NULL,1764596961129,1764596961129,'user',0,NULL,NULL);
INSERT INTO user VALUES('I7rXW9yj6eiTQ85cRT2NUJf7d6Me8rA1','inge@headcodecms.com','inge@headcodecms.com',0,NULL,1764596981478,1764596981478,'user',0,NULL,NULL);
CREATE TABLE IF NOT EXISTS `verification` (
	`id` text PRIMARY KEY NOT NULL,
	`identifier` text NOT NULL,
	`value` text NOT NULL,
	`expires_at` integer NOT NULL,
	`created_at` integer DEFAULT (cast(unixepoch('subsecond') * 1000 as integer)) NOT NULL,
	`updated_at` integer DEFAULT (cast(unixepoch('subsecond') * 1000 as integer)) NOT NULL
);
DELETE FROM sqlite_sequence;
INSERT INTO sqlite_sequence VALUES('entries',30);
INSERT INTO sqlite_sequence VALUES('sections',145);
CREATE INDEX `account_userId_idx` ON `account` (`user_id`);
CREATE INDEX `entries_version_idx` ON `entries` (`version`);
CREATE UNIQUE INDEX `entries_version_namespace_key_uq` ON `entries` (`version`,`namespace`,`key`);
CREATE UNIQUE INDEX `session_token_unique` ON `session` (`token`);
CREATE INDEX `session_userId_idx` ON `session` (`user_id`);
CREATE UNIQUE INDEX `user_email_unique` ON `user` (`email`);
CREATE INDEX `verification_identifier_idx` ON `verification` (`identifier`);
COMMIT;
